G_ID,GDAY_DS,T_ID,VS_T_ID,HEADER_NO,TB_SC,CG_CK,HOLD,BF,PA,AB,HIT,H2,H3,HR,BB,IB,HP,KK,R,ER,P_WHIP_RT,INN2,WLS,SB,CS,SH,SF,GD,WP,BK,ERR
20200721WOOB0,20200721,OB,WO,0,B,0.0,0.0,143.0,36.0,35.0,9.0,1.0,0.0,0.0,1.0,0.0,0.0,9.0,1.0,1.0,0.6,27.0,W,0.0,1.0,0.0,0.0,0.0,0.0,0.0,0.0
20200721WOOB0,20200721,WO,OB,0,T,0.0,0.0,121.0,32.0,31.0,7.0,2.0,1.0,1.0,1.0,0.0,0.0,6.0,6.0,6.0,12.0,24.0,L,2.0,0.0,0.0,0.0,0.0,0.0,0.0,0.0
20200721LTSK0,20200721,SK,LT,0,B,0.0,0.0,161.0,40.0,35.0,10.0,1.0,0.0,1.0,5.0,0.0,0.0,4.0,7.0,7.0,3.6,27.0,W,1.0,0.0,0.0,0.0,1.0,0.0,0.0,0.0
20200721LTSK0,20200721,LT,SK,0,T,0.0,2.0,166.0,40.0,34.0,13.0,1.0,0.0,3.0,4.0,0.0,0.0,6.0,8.0,8.0,1.8,25.0,L,2.0,0.0,1.0,1.0,1.0,0.0,0.0,0.0
20200721SSNC0,20200721,NC,SS,0,B,0.0,3.0,182.0,41.0,36.0,9.0,0.0,0.0,1.0,4.0,0.0,0.0,7.0,5.0,5.0,1.0,30.0,W,3.0,0.0,1.0,0.0,2.0,0.0,0.0,0.0
20200721SSNC0,20200721,SS,NC,0,T,0.0,0.0,162.0,42.0,38.0,13.0,3.0,0.0,3.0,2.0,1.0,1.0,7.0,6.0,6.0,2.4,28.0,L,0.0,2.0,1.0,0.0,0.0,0.0,0.0,0.0
20200721LGKT0,20200721,KT,LG,0,B,0.0,1.0,168.0,44.0,38.0,13.0,4.0,0.0,2.0,6.0,0.0,0.0,7.0,9.0,9.0,1.88,27.0,W,0.0,1.0,0.0,0.0,1.0,1.0,0.0,0.0
20200721LGKT0,20200721,LG,KT,0,T,0.0,0.0,150.0,39.0,34.0,12.0,0.0,0.0,3.0,4.0,0.0,0.0,7.0,10.0,10.0,5.25,24.0,L,1.0,0.0,1.0,0.0,1.0,1.0,1.0,0.0
20200721HTHH0,20200721,HH,HT,0,B,0.0,0.0,222.0,50.0,41.0,16.0,2.0,0.0,2.0,8.0,0.0,1.0,8.0,10.0,9.0,1.91,27.0,L,0.0,1.0,0.0,0.0,2.0,2.0,0.0,0.0
20200721HTHH0,20200721,HT,HH,0,T,0.0,0.0,133.0,32.0,29.0,3.0,0.0,0.0,1.0,2.0,0.0,1.0,7.0,2.0,2.0,0.0,27.0,W,0.0,0.0,0.0,0.0,1.0,0.0,0.0,0.0
20200722HTHH0,20200722,HH,HT,0,B,0.0,0.0,148.0,37.0,30.0,5.0,0.0,0.0,0.0,3.0,0.0,1.0,10.0,2.0,2.0,1.0,27.0,L,0.0,0.0,3.0,0.0,0.0,0.0,1.0,0.0
20200722HTHH0,20200722,HT,HH,0,T,0.0,2.0,153.0,35.0,29.0,4.0,1.0,0.0,0.0,5.0,0.0,0.0,14.0,1.0,1.0,1.5,27.0,W,0.0,0.0,1.0,0.0,1.0,1.0,0.0,0.0
20200724LGOB0,20200724,OB,LG,0,B,0.0,0.0,170.0,46.0,40.0,15.0,2.0,1.0,2.0,5.0,1.0,1.0,3.0,8.0,8.0,1.67,27.0,L,1.0,0.0,0.0,0.0,1.0,0.0,0.0,0.0
20200724LGOB0,20200724,LG,OB,0,T,0.0,0.0,134.0,35.0,31.0,8.0,3.0,0.0,0.0,4.0,0.0,0.0,4.0,1.0,1.0,1.5,27.0,W,1.0,1.0,0.0,0.0,2.0,0.0,0.0,0.0
20200724LTWO0,20200724,WO,LT,0,B,0.0,0.0,176.0,40.0,33.0,9.0,1.0,0.0,0.0,6.0,0.0,0.0,8.0,4.0,4.0,1.67,27.0,L,2.0,2.0,1.0,0.0,1.0,2.0,0.0,0.0
20200724LTWO0,20200724,LT,WO,0,T,0.0,3.0,142.0,34.0,31.0,6.0,2.0,0.0,1.0,2.0,0.0,0.0,12.0,2.0,2.0,0.6,27.0,W,1.0,0.0,0.0,1.0,1.0,1.0,0.0,0.0
20200724NCKT0,20200724,KT,NC,0,B,0.0,0.0,152.0,37.0,32.0,7.0,2.0,0.0,1.0,3.0,0.0,0.0,11.0,3.0,3.0,2.0,27.0,L,1.0,0.0,2.0,0.0,0.0,0.0,0.0,0.0
20200724NCKT0,20200724,NC,KT,0,T,0.0,1.0,154.0,39.0,33.0,6.0,1.0,0.0,1.0,6.0,0.0,0.0,10.0,2.0,1.0,0.55,27.0,W,2.0,1.0,0.0,0.0,0.0,1.0,0.0,0.0
20200724SKHH0,20200724,HH,SK,0,B,0.0,0.0,164.0,40.0,34.0,8.0,1.0,0.0,3.0,5.0,0.0,0.0,13.0,7.0,7.0,0.6,27.0,L,1.0,0.0,0.0,1.0,0.0,0.0,0.0,0.0
20200724SKHH0,20200724,SK,HH,0,T,0.0,2.0,163.0,36.0,29.0,5.0,0.0,0.0,0.0,7.0,0.0,0.0,11.0,4.0,4.0,1.0,27.0,W,1.0,2.0,0.0,0.0,1.0,1.0,0.0,0.0
20200725LGOB0,20200725,OB,LG,0,B,0.0,1.0,137.0,36.0,35.0,10.0,3.0,0.0,0.0,1.0,0.0,0.0,8.0,3.0,3.0,3.0,27.0,W,0.0,0.0,0.0,0.0,3.0,1.0,0.0,0.0
20200725LGOB0,20200725,LG,OB,0,T,0.0,0.0,149.0,34.0,31.0,10.0,4.0,0.0,1.0,2.0,0.0,0.0,6.0,7.0,7.0,3.0,24.0,L,0.0,1.0,0.0,1.0,0.0,0.0,0.0,0.0
20200725LTWO0,20200725,WO,LT,0,B,0.0,0.0,132.0,40.0,35.0,9.0,2.0,0.0,0.0,3.0,0.0,2.0,11.0,6.0,6.0,3.0,27.0,L,0.0,1.0,0.0,0.0,0.0,0.0,0.0,0.0
20200725LTWO0,20200725,LT,WO,0,T,0.0,1.0,145.0,36.0,27.0,3.0,1.0,0.0,0.0,6.0,0.0,1.0,8.0,3.0,3.0,1.0,27.0,W,0.0,0.0,1.0,1.0,1.0,0.0,0.0,0.0
20200725NCKT0,20200725,KT,NC,0,B,0.0,1.0,150.0,36.0,31.0,6.0,0.0,0.0,0.0,4.0,0.0,0.0,3.0,2.0,2.0,3.0,27.0,W,0.0,1.0,0.0,1.0,0.0,2.0,0.0,0.0
20200725NCKT0,20200725,NC,KT,0,T,0.0,0.0,141.0,33.0,29.0,8.0,4.0,0.0,1.0,4.0,0.0,0.0,9.0,6.0,6.0,1.71,24.0,L,0.0,1.0,0.0,0.0,2.0,0.0,0.0,0.0
20200725SSHT0,20200725,HT,SS,0,B,0.0,0.0,173.0,38.0,32.0,7.0,1.0,0.0,0.0,6.0,0.0,0.0,10.0,2.0,2.0,0.86,27.0,W,1.0,1.0,0.0,0.0,0.0,0.0,0.0,0.0
20200725SSHT0,20200725,SS,HT,0,T,0.0,0.0,164.0,37.0,31.0,11.0,2.0,0.0,0.0,3.0,1.0,0.0,9.0,8.0,8.0,2.25,24.0,L,0.0,0.0,2.0,1.0,1.0,0.0,0.0,0.0
20200726LGOB0,20200726,OB,LG,0,B,0.0,0.0,139.0,36.0,33.0,7.0,0.0,1.0,0.0,2.0,0.0,0.0,8.0,4.0,2.0,0.5,27.0,L,2.0,0.0,0.0,1.0,1.0,0.0,0.0,0.0
20200726LGOB0,20200726,LG,OB,0,T,0.0,2.0,163.0,40.0,32.0,8.0,2.0,0.0,1.0,6.0,1.0,1.0,5.0,3.0,3.0,1.33,27.0,W,0.0,0.0,1.0,0.0,1.0,0.0,1.0,0.0
20200726LTWO0,20200726,WO,LT,0,B,0.0,0.0,133.0,37.0,34.0,8.0,3.0,0.0,0.0,3.0,0.0,0.0,4.0,1.0,0.0,1.13,27.0,W,1.0,0.0,0.0,0.0,2.0,0.0,0.0,0.0
20200726LTWO0,20200726,LT,WO,0,T,0.0,0.0,150.0,40.0,35.0,13.0,4.0,0.0,0.0,4.0,1.0,1.0,5.0,8.0,8.0,1.64,24.0,L,0.0,1.0,0.0,0.0,1.0,0.0,0.0,0.0
20200726NCKT0,20200726,KT,NC,0,B,0.0,0.0,123.0,34.0,32.0,7.0,1.0,0.0,2.0,1.0,0.0,0.0,7.0,4.0,4.0,0.75,27.0,W,1.0,0.0,0.0,1.0,1.0,0.0,0.0,0.0
20200726NCKT0,20200726,NC,KT,0,T,0.0,0.0,138.0,36.0,34.0,8.0,0.0,0.0,3.0,2.0,0.0,0.0,8.0,5.0,3.0,0.75,24.0,L,2.0,0.0,0.0,0.0,1.0,1.0,0.0,0.0
20200726SKHH0,20200726,HH,SK,0,B,0.0,0.0,180.0,42.0,35.0,10.0,2.0,0.0,0.0,5.0,0.0,2.0,5.0,7.0,7.0,1.39,27.0,L,1.0,0.0,0.0,0.0,1.0,2.0,0.0,0.0
20200726SKHH0,20200726,SK,HH,0,T,0.0,2.0,174.0,38.0,34.0,8.0,2.0,0.0,1.0,4.0,0.0,0.0,8.0,4.0,4.0,1.8,27.0,W,0.0,0.0,0.0,0.0,1.0,0.0,0.0,0.0
20200726SSHT0,20200726,HT,SS,0,B,0.0,4.0,157.0,43.0,36.0,12.0,4.0,0.0,1.0,4.0,0.0,0.0,4.0,5.0,5.0,0.64,27.0,W,1.0,0.0,2.0,1.0,0.0,1.0,0.0,0.0
20200726SSHT0,20200726,SS,HT,0,T,0.0,0.0,170.0,41.0,37.0,12.0,2.0,1.0,0.0,3.0,0.0,1.0,5.0,8.0,6.0,3.0,24.0,L,0.0,0.0,0.0,0.0,0.0,1.0,0.0,0.0
20200727SKHH0,20200727,HH,SK,0,B,0.0,1.0,138.0,37.0,32.0,10.0,3.0,0.0,1.0,3.0,0.0,1.0,5.0,5.0,5.0,2.0,27.0,D,1.0,0.0,1.0,0.0,3.0,1.0,0.0,0.0
20200727SKHH0,20200727,SK,HH,0,T,0.0,0.0,156.0,35.0,29.0,5.0,3.0,0.0,0.0,5.0,0.0,0.0,5.0,5.0,5.0,2.4,27.0,D,1.0,0.0,1.0,0.0,2.0,0.0,0.0,0.0
20200728LGSK0,20200728,SK,LG,0,B,0.0,0.0,221.0,58.0,49.0,23.0,3.0,1.0,6.0,7.0,1.0,2.0,6.0,24.0,24.0,3.0,27.0,L,0.0,0.0,0.0,0.0,1.0,3.0,0.0,0.0
20200728LGSK0,20200728,LG,SK,0,T,0.0,0.0,166.0,41.0,34.0,8.0,3.0,0.0,2.0,5.0,0.0,2.0,10.0,7.0,7.0,1.25,27.0,W,0.0,0.0,0.0,0.0,1.0,1.0,0.0,0.0
20200728NCLT0,20200728,LT,NC,0,B,0.0,1.0,185.0,46.0,42.0,17.0,3.0,0.0,2.0,4.0,0.0,0.0,7.0,9.0,8.0,3.0,27.0,W,2.0,0.0,0.0,0.0,1.0,0.0,0.0,0.0
20200728NCLT0,20200728,NC,LT,0,T,0.0,0.0,168.0,46.0,36.0,14.0,3.0,0.0,2.0,8.0,1.0,0.0,6.0,11.0,11.0,3.38,26.0,L,0.0,0.0,1.0,1.0,1.0,0.0,0.0,0.0
20200728WOOB0,20200728,OB,WO,0,B,0.0,0.0,166.0,43.0,34.0,8.0,2.0,0.0,1.0,5.0,1.0,2.0,6.0,6.0,5.0,1.36,27.0,L,0.0,0.0,1.0,1.0,0.0,0.0,0.0,0.0
20200728WOOB0,20200728,WO,OB,0,T,0.0,2.0,130.0,38.0,36.0,9.0,2.0,0.0,1.0,2.0,0.0,0.0,4.0,2.0,2.0,0.38,27.0,W,0.0,0.0,0.0,0.0,0.0,0.0,0.0,0.0
20200729HHSS0,20200729,SS,HH,0,B,0.0,0.0,181.0,49.0,44.0,18.0,1.0,0.0,1.0,3.0,0.0,1.0,7.0,12.0,5.0,3.0,27.0,L,0.0,0.0,0.0,1.0,1.0,0.0,0.0,0.0
20200729HHSS0,20200729,HH,SS,0,T,0.0,1.0,195.0,44.0,34.0,9.0,1.0,0.0,2.0,8.0,0.0,2.0,7.0,7.0,7.0,1.33,27.0,W,1.0,1.0,0.0,0.0,1.0,0.0,0.0,0.0
20200729LGSK0,20200729,SK,LG,0,B,0.0,0.0,179.0,45.0,36.0,13.0,0.0,0.0,3.0,8.0,0.0,1.0,7.0,11.0,11.0,2.63,27.0,L,1.0,0.0,0.0,0.0,2.0,0.0,0.0,1.0
20200729LGSK0,20200729,LG,SK,0,T,0.0,1.0,146.0,44.0,40.0,14.0,1.0,0.0,4.0,3.0,0.0,1.0,5.0,6.0,6.0,1.09,27.0,W,2.0,0.0,0.0,0.0,0.0,0.0,0.0,0.0
20200730HHSS0,20200730,SS,HH,0,B,0.0,0.0,181.0,43.0,37.0,3.0,0.0,0.0,0.0,4.0,0.0,2.0,12.0,1.0,0.0,1.5,33.0,W,0.0,0.0,0.0,0.0,0.0,0.0,0.0,1.0
20200730HHSS0,20200730,HH,SS,0,T,0.0,0.0,196.0,46.0,36.0,6.0,2.0,0.0,0.0,7.0,1.0,1.0,12.0,2.0,1.0,0.64,32.0,L,3.0,0.0,2.0,0.0,0.0,3.0,0.0,1.0
20200730KTHT0,20200730,HT,KT,0,B,0.0,0.0,142.0,38.0,31.0,11.0,2.0,0.0,0.0,3.0,0.0,2.0,6.0,4.0,4.0,1.67,27.0,L,1.0,3.0,2.0,0.0,1.0,2.0,0.0,1.0
20200730KTHT0,20200730,KT,HT,0,T,0.0,1.0,136.0,36.0,33.0,8.0,3.0,0.0,0.0,1.0,0.0,1.0,8.0,1.0,1.0,0.38,27.0,W,0.0,0.0,1.0,0.0,1.0,0.0,0.0,0.0
20200730LGSK0,20200730,SK,LG,0,B,0.0,0.0,187.0,45.0,39.0,13.0,3.0,0.0,1.0,5.0,0.0,1.0,6.0,9.0,9.0,3.0,27.0,L,1.0,0.0,0.0,0.0,1.0,1.0,0.0,0.0
20200730LGSK0,20200730,LG,SK,0,T,0.0,1.0,138.0,34.0,30.0,4.0,3.0,0.0,0.0,3.0,0.0,1.0,8.0,1.0,1.0,0.86,27.0,W,0.0,0.0,0.0,0.0,0.0,1.0,0.0,0.0
20200730WOOB0,20200730,OB,WO,0,B,0.0,0.0,139.0,39.0,34.0,13.0,2.0,0.0,1.0,3.0,0.0,1.0,2.0,8.0,8.0,3.0,27.0,L,2.0,0.0,1.0,0.0,2.0,0.0,0.0,0.0
20200730WOOB0,20200730,WO,OB,0,T,0.0,3.0,141.0,41.0,36.0,10.0,0.0,0.0,2.0,3.0,0.0,1.0,8.0,5.0,5.0,0.43,27.0,W,2.0,0.0,1.0,0.0,0.0,0.0,0.0,0.0
20200731HHLG0,20200731,LG,HH,0,B,0.0,0.0,137.0,37.0,34.0,10.0,1.0,0.0,0.0,2.0,0.0,0.0,4.0,2.0,2.0,0.38,27.0,L,0.0,1.0,0.0,1.0,0.0,0.0,0.0,0.0
20200731HHLG0,20200731,HH,LG,0,T,0.0,0.0,136.0,31.0,29.0,4.0,2.0,0.0,0.0,2.0,0.0,0.0,9.0,1.0,1.0,1.2,27.0,W,0.0,1.0,0.0,0.0,0.0,1.0,0.0,0.0
20200731HTLT0,20200731,LT,HT,0,B,0.0,0.0,160.0,38.0,34.0,8.0,1.0,0.0,0.0,4.0,0.0,0.0,10.0,3.0,2.0,0.6,27.0,L,0.0,0.0,0.0,0.0,1.0,0.0,0.0,0.0
20200731HTLT0,20200731,HT,LT,0,T,0.0,0.0,130.0,36.0,33.0,6.0,2.0,0.0,0.0,3.0,0.0,0.0,5.0,2.0,1.0,0.82,27.0,W,0.0,0.0,0.0,0.0,3.0,0.0,0.0,1.0
20200731OBNC0,20200731,NC,OB,0,B,0.0,0.0,180.0,44.0,39.0,14.0,2.0,0.0,1.0,4.0,0.0,0.0,8.0,7.0,7.0,1.36,27.0,W,2.0,0.0,1.0,0.0,1.0,1.0,0.0,0.0
20200731OBNC0,20200731,OB,NC,0,T,0.0,1.0,184.0,42.0,37.0,14.0,4.0,0.0,1.0,3.0,0.0,2.0,7.0,10.0,10.0,2.1,24.0,L,2.0,0.0,0.0,0.0,1.0,0.0,0.0,0.0
20200731SKKT0,20200731,KT,SK,0,B,0.0,2.0,148.0,36.0,31.0,4.0,0.0,0.0,1.0,5.0,0.0,0.0,5.0,1.0,1.0,4.5,27.0,W,0.0,0.0,0.0,0.0,1.0,1.0,0.0,1.0
20200731SKKT0,20200731,SK,KT,0,T,0.0,0.0,175.0,42.0,39.0,16.0,3.0,0.0,4.0,3.0,0.0,0.0,8.0,11.0,11.0,2.14,24.0,L,0.0,1.0,0.0,0.0,0.0,0.0,0.0,0.0
20200731WOSS0,20200731,SS,WO,0,B,0.0,0.0,157.0,42.0,36.0,10.0,2.0,0.0,3.0,6.0,0.0,0.0,7.0,10.0,10.0,3.43,27.0,L,1.0,0.0,0.0,0.0,1.0,1.0,0.0,0.0
20200731WOSS0,20200731,WO,SS,0,T,0.0,3.0,151.0,40.0,35.0,8.0,1.0,0.0,0.0,3.0,1.0,2.0,5.0,3.0,3.0,1.13,27.0,W,0.0,1.0,0.0,0.0,0.0,0.0,1.0,0.0
20200801HHLG0,20200801,LG,HH,0,B,0.0,1.0,167.0,40.0,34.0,8.0,2.0,0.0,1.0,5.0,0.0,1.0,8.0,6.0,6.0,2.57,27.0,W,1.0,0.0,0.0,0.0,0.0,2.0,0.0,0.0
20200801HHLG0,20200801,HH,LG,0,T,0.0,0.0,161.0,41.0,39.0,15.0,3.0,0.0,0.0,1.0,0.0,1.0,7.0,9.0,7.0,4.0,24.0,L,0.0,0.0,0.0,0.0,0.0,2.0,0.0,0.0
20200801HTLT0,20200801,LT,HT,0,B,0.0,0.0,147.0,36.0,34.0,9.0,2.0,0.0,1.0,2.0,0.0,0.0,9.0,3.0,3.0,1.0,27.0,W,0.0,0.0,0.0,0.0,1.0,0.0,0.0,0.0
20200801HTLT0,20200801,HT,LT,0,T,0.0,0.0,134.0,37.0,31.0,10.0,3.0,0.0,2.0,5.0,0.0,0.0,3.0,7.0,6.0,0.5,24.0,L,0.0,1.0,0.0,1.0,2.0,0.0,0.0,0.0
20200801OBNC0,20200801,NC,OB,0,B,0.0,0.0,186.0,51.0,45.0,17.0,2.0,1.0,0.0,4.0,1.0,0.0,9.0,12.0,11.0,4.71,30.0,L,2.0,0.0,1.0,1.0,1.0,2.0,0.0,0.0
20200801OBNC0,20200801,OB,NC,0,T,0.0,1.0,189.0,52.0,45.0,15.0,4.0,0.0,2.0,7.0,0.0,0.0,8.0,10.0,9.0,2.67,30.0,W,2.0,0.0,0.0,0.0,0.0,0.0,0.0,0.0
20200801SKKT0,20200801,KT,SK,0,B,0.0,0.0,135.0,34.0,32.0,6.0,1.0,0.0,0.0,2.0,0.0,0.0,5.0,0.0,0.0,0.6,27.0,W,0.0,0.0,0.0,0.0,1.0,0.0,0.0,0.0
20200801SKKT0,20200801,SK,KT,0,T,0.0,0.0,135.0,41.0,36.0,13.0,1.0,1.0,3.0,5.0,0.0,0.0,2.0,11.0,11.0,0.67,24.0,L,0.0,0.0,0.0,0.0,2.0,1.0,0.0,0.0
20200801WOSS0,20200801,SS,WO,0,B,0.0,0.0,246.0,62.0,48.0,23.0,7.0,0.0,1.0,11.0,0.0,1.0,6.0,22.0,21.0,4.29,27.0,L,1.0,0.0,1.0,1.0,0.0,0.0,0.0,0.0
20200801WOSS0,20200801,WO,SS,0,T,0.0,1.0,185.0,40.0,34.0,8.0,4.0,0.0,0.0,4.0,0.0,2.0,8.0,7.0,6.0,6.0,27.0,W,0.0,1.0,0.0,0.0,0.0,0.0,0.0,0.0
20200802HTLT0,20200802,LT,HT,0,B,0.0,0.0,124.0,32.0,30.0,4.0,2.0,0.0,0.0,2.0,0.0,0.0,10.0,0.0,0.0,0.0,27.0,W,0.0,0.0,0.0,0.0,1.0,0.0,0.0,0.0
20200802HTLT0,20200802,HT,LT,0,T,0.0,0.0,161.0,39.0,34.0,11.0,4.0,0.0,0.0,4.0,0.0,0.0,6.0,8.0,7.0,3.0,24.0,L,0.0,0.0,1.0,0.0,2.0,0.0,0.0,0.0
20200802OBNC0,20200802,NC,OB,0,B,0.0,0.0,201.0,51.0,48.0,15.0,5.0,0.0,0.0,2.0,0.0,0.0,8.0,7.0,6.0,1.33,36.0,L,2.0,1.0,0.0,1.0,2.0,0.0,0.0,1.0
20200802OBNC0,20200802,OB,NC,0,T,0.0,0.0,182.0,47.0,42.0,8.0,1.0,0.0,2.0,3.0,0.0,2.0,10.0,4.0,4.0,0.67,36.0,W,0.0,0.0,0.0,0.0,1.0,1.0,0.0,0.0
20200802WOSS0,20200802,SS,WO,0,B,0.0,2.0,141.0,41.0,38.0,10.0,2.0,0.0,0.0,2.0,1.0,0.0,4.0,4.0,4.0,1.8,30.0,L,0.0,0.0,0.0,1.0,2.0,0.0,0.0,0.0
20200802WOSS0,20200802,WO,SS,0,T,0.0,0.0,149.0,41.0,39.0,10.0,1.0,0.0,1.0,2.0,0.0,0.0,8.0,2.0,2.0,1.0,30.0,W,1.0,0.0,0.0,0.0,0.0,0.0,0.0,0.0
20200804KTWO0,20200804,WO,KT,0,B,0.0,1.0,143.0,38.0,32.0,11.0,1.0,0.0,0.0,4.0,0.0,0.0,9.0,4.0,4.0,0.69,27.0,L,1.0,1.0,2.0,0.0,3.0,0.0,0.0,0.0
20200804KTWO0,20200804,KT,WO,0,T,0.0,3.0,154.0,38.0,34.0,10.0,0.0,0.0,1.0,3.0,0.0,0.0,7.0,2.0,2.0,1.0,27.0,W,0.0,0.0,1.0,0.0,2.0,0.0,0.0,0.0
20200804LGHT0,20200804,HT,LG,0,B,0.0,0.0,184.0,47.0,41.0,16.0,1.0,2.0,3.0,5.0,0.0,1.0,9.0,15.0,15.0,4.5,27.0,L,0.0,0.0,0.0,0.0,1.0,1.0,0.0,0.0
20200804LGHT0,20200804,LG,HT,0,T,0.0,1.0,146.0,40.0,36.0,8.0,1.0,0.0,1.0,4.0,0.0,0.0,10.0,5.0,3.0,1.5,27.0,W,0.0,0.0,0.0,0.0,0.0,0.0,0.0,0.0
20200804LTSK0,20200804,SK,LT,0,B,0.0,0.0,170.0,46.0,41.0,15.0,3.0,0.0,1.0,4.0,0.0,1.0,2.0,8.0,8.0,3.0,27.0,L,0.0,0.0,0.0,0.0,1.0,1.0,0.0,0.0
20200804LTSK0,20200804,LT,SK,0,T,0.0,0.0,120.0,33.0,31.0,6.0,1.0,0.0,0.0,2.0,0.0,0.0,6.0,0.0,0.0,1.5,27.0,W,0.0,0.0,0.0,0.0,1.0,0.0,0.0,0.0
20200804SSOB0,20200804,OB,SS,0,B,0.0,0.0,166.0,41.0,34.0,7.0,2.0,0.0,1.0,6.0,1.0,1.0,10.0,6.0,6.0,2.5,27.0,L,1.0,0.0,0.0,0.0,0.0,1.0,0.0,0.0
20200804SSOB0,20200804,SS,OB,0,T,0.0,3.0,138.0,37.0,36.0,9.0,1.0,0.0,1.0,1.0,0.0,0.0,4.0,3.0,2.0,0.0,27.0,W,0.0,0.0,0.0,0.0,0.0,1.0,0.0,0.0
20200805KTWO0,20200805,WO,KT,0,B,0.0,1.0,128.0,36.0,34.0,10.0,1.0,0.0,1.0,1.0,0.0,1.0,3.0,3.0,2.0,1.5,27.0,W,0.0,2.0,0.0,0.0,1.0,0.0,0.0,0.0
20200805KTWO0,20200805,KT,WO,0,T,0.0,0.0,183.0,46.0,40.0,15.0,2.0,0.0,1.0,5.0,0.0,1.0,7.0,12.0,7.0,3.3,24.0,L,0.0,0.0,0.0,0.0,0.0,0.0,0.0,0.0
20200805LGHT0,20200805,HT,LG,0,B,0.0,0.0,161.0,41.0,35.0,11.0,3.0,0.0,2.0,5.0,0.0,0.0,10.0,6.0,6.0,3.0,27.0,L,0.0,1.0,1.0,0.0,2.0,2.0,0.0,0.0
20200805LGHT0,20200805,LG,HT,0,T,0.0,3.0,151.0,38.0,35.0,9.0,1.0,0.0,0.0,2.0,0.0,0.0,11.0,4.0,4.0,4.0,27.0,W,1.0,0.0,1.0,0.0,0.0,0.0,0.0,0.0
20200805NCHH0,20200805,HH,NC,0,B,0.0,1.0,164.0,43.0,30.0,6.0,0.0,1.0,0.0,9.0,1.0,2.0,4.0,5.0,5.0,1.25,27.0,W,0.0,0.0,1.0,1.0,1.0,0.0,0.0,0.0
20200805NCHH0,20200805,NC,HH,0,T,0.0,0.0,158.0,43.0,33.0,12.0,2.0,0.0,1.0,5.0,0.0,2.0,5.0,8.0,7.0,1.09,24.0,L,0.0,0.0,1.0,2.0,2.0,0.0,0.0,1.0
20200805SSOB0,20200805,OB,SS,0,B,0.0,0.0,155.0,40.0,34.0,12.0,2.0,0.0,0.0,4.0,2.0,0.0,4.0,2.0,1.0,1.36,25.0,D,1.0,1.0,2.0,0.0,1.0,1.0,1.0,0.0
20200805SSOB0,20200805,SS,OB,0,T,0.0,0.0,130.0,32.0,28.0,4.0,0.0,0.0,0.0,3.0,0.0,1.0,4.0,2.0,0.0,1.0,24.0,D,1.0,1.0,0.0,0.0,0.0,0.0,0.0,0.0
20200806SKWO0,20200806,WO,SK,0,B,0.0,2.0,122.0,34.0,32.0,4.0,1.0,0.0,1.0,2.0,0.0,0.0,9.0,2.0,2.0,0.0,27.0,W,0.0,0.0,0.0,1.0,1.0,0.0,0.0,0.0
20200806SKWO0,20200806,SK,WO,0,T,0.0,0.0,150.0,39.0,33.0,6.0,0.0,0.0,2.0,4.0,0.0,2.0,6.0,8.0,6.0,6.0,27.0,L,1.0,0.0,1.0,1.0,1.0,0.0,0.0,0.0
20200806LGHT0,20200806,HT,LG,0,B,0.0,0.0,110.0,30.0,28.0,4.0,0.0,0.0,0.0,1.0,0.0,0.0,7.0,1.0,1.0,0.0,27.0,W,0.0,0.0,0.0,1.0,0.0,0.0,0.0,0.0
20200806LGHT0,20200806,LG,HT,0,T,0.0,0.0,177.0,42.0,35.0,12.0,3.0,0.0,4.0,6.0,0.0,1.0,8.0,13.0,13.0,2.33,24.0,L,2.0,0.0,0.0,0.0,1.0,1.0,0.0,0.0
20200806LTSK0,20200806,SK,LT,0,B,0.0,0.0,150.0,39.0,33.0,6.0,0.0,0.0,2.0,4.0,0.0,2.0,6.0,8.0,6.0,6.0,27.0,L,0.0,0.0,0.0,0.0,0.0,0.0,0.0,0.0
20200806LTSK0,20200806,LT,SK,0,T,0.0,0.0,113.0,35.0,33.0,8.0,1.0,0.0,1.0,1.0,0.0,0.0,8.0,2.0,2.0,0.0,27.0,W,0.0,0.0,0.0,1.0,1.0,1.0,0.0,0.0
20200806NCHH0,20200806,HH,NC,0,B,0.0,0.0,173.0,39.0,32.0,8.0,1.0,0.0,2.0,7.0,0.0,0.0,4.0,4.0,4.0,1.29,27.0,L,0.0,2.0,0.0,0.0,1.0,0.0,0.0,0.0
20200806NCHH0,20200806,NC,HH,0,T,0.0,3.0,154.0,34.0,29.0,5.0,0.0,0.0,0.0,4.0,0.0,0.0,6.0,1.0,1.0,0.5,27.0,W,0.0,1.0,1.0,0.0,1.0,0.0,0.0,0.0
20200806SSOB0,20200806,OB,SS,0,B,0.0,2.0,172.0,40.0,38.0,11.0,0.0,0.0,0.0,2.0,0.0,0.0,7.0,2.0,2.0,0.33,27.0,W,3.0,0.0,0.0,0.0,0.0,0.0,1.0,0.0
20200806SSOB0,20200806,SS,OB,0,T,0.0,0.0,140.0,36.0,31.0,7.0,1.0,1.0,0.0,4.0,0.0,0.0,7.0,5.0,5.0,1.8,24.0,L,0.0,0.0,1.0,0.0,0.0,1.0,0.0,0.0
20200807LGWO0,20200807,WO,LG,0,B,0.0,0.0,158.0,39.0,36.0,10.0,0.0,1.0,1.0,2.0,0.0,0.0,10.0,5.0,5.0,0.75,27.0,L,0.0,0.0,0.0,1.0,1.0,0.0,0.0,0.0
20200807LGWO0,20200807,LG,WO,0,T,0.0,1.0,140.0,38.0,32.0,6.0,2.0,0.0,0.0,4.0,0.0,1.0,8.0,2.0,2.0,0.6,27.0,W,0.0,0.0,0.0,1.0,0.0,2.0,0.0,0.0
20200807LTOB0,20200807,OB,LT,0,B,0.0,1.0,194.0,49.0,39.0,12.0,2.0,0.0,2.0,8.0,0.0,1.0,6.0,8.0,5.0,1.4,27.0,L,0.0,0.0,0.0,1.0,1.0,1.0,0.0,0.0
20200807LTOB0,20200807,LT,OB,0,T,0.0,1.0,117.0,38.0,35.0,11.0,1.0,0.0,0.0,1.0,0.0,0.0,2.0,4.0,4.0,0.86,27.0,W,2.0,0.0,0.0,2.0,1.0,0.0,0.0,0.0
20200807SSSK0,20200807,SK,SS,0,B,0.0,0.0,147.0,36.0,29.0,6.0,1.0,0.0,1.0,4.0,0.0,2.0,7.0,2.0,2.0,1.5,27.0,L,2.0,2.0,1.0,0.0,1.0,1.0,0.0,0.0
20200807SSSK0,20200807,SS,SK,0,T,0.0,1.0,142.0,34.0,32.0,4.0,1.0,0.0,0.0,2.0,0.0,0.0,7.0,0.0,0.0,0.0,27.0,W,0.0,0.0,0.0,0.0,0.0,1.0,0.0,0.0
20200808LGWO0,20200808,WO,LG,0,B,0.0,0.0,128.0,35.0,32.0,8.0,2.0,0.0,1.0,3.0,0.0,0.0,4.0,1.0,1.0,2.25,27.0,W,0.0,0.0,0.0,0.0,0.0,0.0,0.0,0.0
20200808LGWO0,20200808,LG,WO,0,T,0.0,0.0,132.0,35.0,32.0,9.0,1.0,0.0,1.0,3.0,0.0,0.0,7.0,5.0,5.0,1.5,24.0,L,1.0,0.0,0.0,0.0,1.0,1.0,0.0,0.0
20200808LTOB0,20200808,OB,LT,0,B,1.0,0.0,88.0,24.0,22.0,6.0,1.0,0.0,0.0,1.0,0.0,0.0,6.0,1.0,1.0,0.75,18.0,D,0.0,0.0,0.0,1.0,1.0,0.0,0.0,0.0
20200808LTOB0,20200808,LT,OB,0,T,1.0,0.0,52.0,16.0,16.0,3.0,0.0,0.0,1.0,0.0,0.0,0.0,0.0,1.0,1.0,,15.0,D,0.0,0.0,0.0,0.0,2.0,0.0,0.0,0.0
20200808NCHT0,20200808,HT,NC,0,B,0.0,1.0,160.0,40.0,31.0,6.0,1.0,2.0,0.0,7.0,0.0,2.0,6.0,2.0,2.0,2.4,27.0,W,2.0,1.0,0.0,0.0,1.0,0.0,0.0,0.0
20200808NCHT0,20200808,NC,HT,0,T,0.0,0.0,122.0,28.0,28.0,4.0,1.0,0.0,1.0,0.0,0.0,0.0,9.0,3.0,3.0,3.0,24.0,L,0.0,0.0,0.0,0.0,0.0,0.0,0.0,0.0
20200808SSSK0,20200808,SK,SS,0,B,1.0,0.0,66.0,19.0,17.0,5.0,1.0,0.0,1.0,1.0,0.0,0.0,1.0,2.0,2.0,0.0,15.0,W,0.0,1.0,0.0,1.0,0.0,0.0,0.0,1.0
20200808SSSK0,20200808,SS,SK,0,T,1.0,0.0,80.0,22.0,19.0,3.0,2.0,1.0,0.0,2.0,0.0,1.0,0.0,4.0,2.0,0.6,15.0,L,0.0,0.0,0.0,0.0,0.0,0.0,0.0,0.0
20200809KTHH0,20200809,HH,KT,0,B,0.0,0.0,181.0,42.0,37.0,12.0,5.0,0.0,1.0,5.0,0.0,0.0,9.0,6.0,6.0,2.33,27.0,L,0.0,0.0,0.0,0.0,1.0,0.0,0.0,0.0
20200809KTHH0,20200809,KT,HH,0,T,0.0,3.0,170.0,38.0,34.0,8.0,1.0,0.0,1.0,3.0,0.0,0.0,12.0,3.0,2.0,0.9,27.0,W,0.0,0.0,0.0,1.0,1.0,1.0,0.0,0.0
20200809LGWO0,20200809,WO,LG,0,B,0.0,2.0,116.0,31.0,30.0,4.0,2.0,0.0,1.0,1.0,0.0,0.0,8.0,1.0,1.0,0.0,27.0,W,0.0,0.0,0.0,0.0,1.0,0.0,0.0,0.0
20200809LGWO0,20200809,LG,WO,0,T,0.0,0.0,130.0,34.0,28.0,7.0,0.0,0.0,0.0,3.0,0.0,1.0,6.0,2.0,1.0,0.3,24.0,L,2.0,0.0,2.0,0.0,2.0,0.0,0.0,0.0
20200809NCHT0,20200809,HT,NC,0,B,0.0,0.0,205.0,45.0,39.0,14.0,2.0,1.0,1.0,5.0,0.0,1.0,8.0,8.0,8.0,1.5,27.0,L,0.0,0.0,0.0,0.0,2.0,0.0,0.0,0.0
20200809NCHT0,20200809,NC,HT,0,T,0.0,0.0,179.0,41.0,32.0,4.0,0.0,0.0,0.0,9.0,0.0,0.0,7.0,1.0,1.0,1.0,27.0,W,0.0,0.0,0.0,0.0,0.0,1.0,0.0,0.0
20200811HHWO0,20200811,WO,HH,0,B,0.0,0.0,215.0,55.0,44.0,10.0,1.0,0.0,1.0,6.0,1.0,2.0,10.0,7.0,5.0,1.64,36.0,L,0.0,1.0,2.0,1.0,0.0,0.0,0.0,0.0
20200811HHWO0,20200811,HH,WO,0,T,0.0,1.0,235.0,56.0,45.0,12.0,1.0,0.0,1.0,7.0,0.0,1.0,13.0,5.0,4.0,2.1,36.0,W,2.0,0.0,2.0,1.0,0.0,1.0,0.0,0.0
20200811HTLG0,20200811,LG,HT,0,B,0.0,0.0,172.0,43.0,35.0,11.0,3.0,0.0,0.0,6.0,0.0,1.0,3.0,8.0,8.0,3.5,27.0,L,0.0,0.0,1.0,0.0,1.0,0.0,0.0,0.0
20200811HTLG0,20200811,HT,LG,0,T,0.0,0.0,157.0,37.0,36.0,9.0,2.0,0.0,1.0,1.0,0.0,0.0,11.0,4.0,4.0,2.0,27.0,W,0.0,0.0,0.0,0.0,0.0,0.0,0.0,0.0
20200811OBSS0,20200811,SS,OB,0,B,0.0,0.0,172.0,39.0,33.0,9.0,1.0,0.0,1.0,6.0,0.0,0.0,4.0,6.0,6.0,1.25,27.0,L,0.0,0.0,0.0,0.0,2.0,1.0,0.0,0.0
20200811OBSS0,20200811,OB,SS,0,T,0.0,2.0,151.0,36.0,34.0,8.0,0.0,0.0,1.0,2.0,0.0,0.0,5.0,1.0,1.0,0.0,27.0,W,0.0,0.0,0.0,0.0,1.0,0.0,0.0,0.0
20200811SKKT0,20200811,KT,SK,0,B,0.0,1.0,139.0,34.0,30.0,4.0,0.0,0.0,0.0,4.0,0.0,0.0,8.0,1.0,0.0,0.0,27.0,W,0.0,0.0,0.0,0.0,2.0,0.0,0.0,0.0
20200811SKKT0,20200811,SK,KT,0,T,0.0,0.0,170.0,38.0,31.0,11.0,2.0,0.0,1.0,6.0,0.0,0.0,8.0,6.0,6.0,1.33,24.0,L,0.0,1.0,0.0,1.0,2.0,1.0,0.0,0.0
20200812HHWO0,20200812,WO,HH,0,B,0.0,0.0,163.0,38.0,34.0,4.0,1.0,0.0,1.0,2.0,0.0,2.0,8.0,2.0,2.0,1.5,30.0,W,1.0,0.0,0.0,0.0,0.0,1.0,0.0,0.0
20200812HHWO0,20200812,HH,WO,0,T,0.0,0.0,153.0,39.0,30.0,9.0,2.0,0.0,1.0,6.0,0.0,1.0,3.0,3.0,3.0,0.43,28.0,L,1.0,2.0,1.0,1.0,3.0,0.0,0.0,0.0
20200812HTLG0,20200812,LG,HT,0,B,0.0,0.0,166.0,35.0,29.0,2.0,0.0,0.0,0.0,5.0,0.0,1.0,14.0,0.0,0.0,0.0,27.0,W,0.0,0.0,0.0,0.0,0.0,0.0,1.0,0.0
20200812HTLG0,20200812,HT,LG,0,T,0.0,0.0,140.0,37.0,34.0,12.0,5.0,0.0,0.0,3.0,0.0,0.0,9.0,8.0,8.0,4.29,24.0,L,1.0,0.0,0.0,0.0,2.0,1.0,0.0,0.0
20200812NCLT0,20200812,LT,NC,0,B,0.0,0.0,157.0,41.0,35.0,9.0,1.0,0.0,0.0,5.0,0.0,0.0,8.0,4.0,4.0,1.71,27.0,W,0.0,0.0,1.0,0.0,0.0,0.0,0.0,0.0
20200812NCLT0,20200812,NC,LT,0,T,0.0,0.0,148.0,41.0,33.0,13.0,3.0,0.0,1.0,4.0,0.0,2.0,4.0,8.0,8.0,1.07,24.0,L,0.0,1.0,2.0,0.0,1.0,1.0,0.0,0.0
20200812OBSS0,20200812,SS,OB,0,B,0.0,0.0,166.0,50.0,45.0,24.0,2.0,0.0,2.0,3.0,0.0,0.0,2.0,15.0,15.0,2.0,27.0,L,0.0,0.0,0.0,2.0,3.0,1.0,0.0,0.0
20200812OBSS0,20200812,OB,SS,0,T,0.0,0.0,169.0,43.0,42.0,16.0,4.0,0.0,2.0,1.0,0.0,0.0,6.0,8.0,8.0,1.67,27.0,W,0.0,1.0,0.0,0.0,1.0,1.0,0.0,0.0
20200812SKKT0,20200812,KT,SK,0,B,0.0,0.0,177.0,46.0,36.0,12.0,3.0,0.0,1.0,9.0,0.0,1.0,5.0,11.0,11.0,2.73,27.0,L,1.0,0.0,0.0,0.0,1.0,0.0,0.0,0.0
20200812SKKT0,20200812,SK,KT,0,T,0.0,2.0,147.0,30.0,27.0,2.0,1.0,0.0,0.0,2.0,0.0,1.0,3.0,2.0,1.0,0.0,27.0,W,0.0,0.0,0.0,0.0,2.0,0.0,0.0,0.0
20200813HHWO0,20200813,WO,HH,0,B,0.0,2.0,157.0,39.0,32.0,9.0,0.0,0.0,0.0,4.0,0.0,2.0,10.0,3.0,3.0,1.13,27.0,W,0.0,0.0,1.0,0.0,2.0,1.0,0.0,0.0
20200813HHWO0,20200813,HH,WO,0,T,0.0,0.0,125.0,36.0,31.0,11.0,1.0,1.0,1.0,3.0,0.0,0.0,4.0,6.0,6.0,1.5,24.0,L,1.0,0.0,2.0,0.0,1.0,0.0,0.0,0.0
20200813HTLG0,20200813,LG,HT,0,B,0.0,1.0,124.0,33.0,32.0,5.0,1.0,0.0,1.0,1.0,0.0,0.0,8.0,2.0,1.0,0.75,27.0,W,1.0,0.0,0.0,0.0,0.0,0.0,0.0,0.0
20200813HTLG0,20200813,HT,LG,0,T,0.0,0.0,127.0,35.0,29.0,8.0,1.0,0.0,2.0,4.0,0.0,1.0,6.0,4.0,4.0,0.86,24.0,L,0.0,1.0,1.0,0.0,0.0,0.0,0.0,0.0
20200813NCLT0,20200813,LT,NC,0,B,0.0,0.0,178.0,43.0,39.0,14.0,1.0,0.0,1.0,3.0,0.0,1.0,7.0,9.0,9.0,1.67,27.0,L,0.0,0.0,0.0,0.0,1.0,0.0,0.0,0.0
20200813NCLT0,20200813,NC,LT,0,T,0.0,0.0,120.0,33.0,33.0,7.0,1.0,0.0,0.0,0.0,0.0,0.0,6.0,2.0,2.0,1.0,27.0,W,0.0,0.0,0.0,0.0,1.0,0.0,0.0,0.0
20200813OBSS0,20200813,SS,OB,0,B,0.0,3.0,164.0,39.0,28.0,4.0,0.0,0.0,1.0,9.0,0.0,0.0,11.0,2.0,2.0,2.4,27.0,W,1.0,1.0,1.0,1.0,1.0,0.0,0.0,0.0
20200813OBSS0,20200813,OB,SS,0,T,0.0,0.0,148.0,38.0,33.0,9.0,1.0,0.0,2.0,4.0,0.0,1.0,5.0,3.0,3.0,1.29,24.0,L,1.0,0.0,0.0,0.0,0.0,0.0,0.0,0.0
20200813SKKT0,20200813,KT,SK,0,B,0.0,0.0,154.0,47.0,41.0,16.0,1.0,0.0,1.0,4.0,0.0,0.0,5.0,10.0,9.0,1.39,27.0,L,0.0,0.0,0.0,2.0,0.0,1.0,0.0,0.0
20200813SKKT0,20200813,SK,KT,0,T,0.0,0.0,195.0,48.0,36.0,10.0,2.0,0.0,1.0,11.0,0.0,0.0,17.0,6.0,6.0,1.62,27.0,W,1.0,0.0,0.0,1.0,1.0,2.0,0.0,0.0
20200814KTOB0,20200814,OB,KT,0,B,0.0,0.0,194.0,49.0,47.0,12.0,3.0,0.0,0.0,1.0,0.0,0.0,7.0,5.0,4.0,0.6,36.0,L,2.0,0.0,1.0,0.0,0.0,0.0,1.0,0.0
20200814KTOB0,20200814,KT,OB,0,T,0.0,2.0,213.0,53.0,45.0,10.0,0.0,0.0,2.0,8.0,2.0,0.0,9.0,3.0,3.0,0.75,36.0,W,2.0,0.0,0.0,0.0,1.0,0.0,0.0,0.0
2020814LGNC0,20200814,NC,LG,0,B,0.0,0.0,206.0,49.0,43.0,18.0,2.0,1.0,4.0,5.0,0.0,0.0,6.0,10.0,10.0,1.5,27.0,L,0.0,0.0,1.0,0.0,1.0,1.0,0.0,0.0
2020814LGNC0,20200814,LG,NC,0,T,0.0,0.0,151.0,40.0,36.0,8.0,3.0,0.0,0.0,3.0,0.0,1.0,13.0,4.0,4.0,2.4,27.0,W,1.0,0.0,0.0,0.0,0.0,0.0,0.0,0.0
20200814SKHT0,20200814,HT,SK,0,B,0.0,0.0,167.0,43.0,31.0,12.0,1.0,0.0,0.0,8.0,0.0,1.0,6.0,6.0,6.0,1.31,27.0,W,3.0,2.0,2.0,1.0,2.0,0.0,0.0,0.0
20200814SKHT0,20200814,SK,HT,0,T,0.0,2.0,151.0,40.0,31.0,7.0,2.0,0.0,1.0,8.0,0.0,1.0,3.0,7.0,7.0,3.6,25.0,L,0.0,0.0,0.0,0.0,0.0,0.0,0.0,0.0
20200814SSHH0,20200814,HH,SS,0,B,0.0,0.0,186.0,44.0,41.0,15.0,4.0,0.0,1.0,3.0,0.0,0.0,6.0,10.0,10.0,2.0,27.0,L,2.0,0.0,0.0,0.0,1.0,1.0,0.0,0.0
20200814SSHH0,20200814,SS,HH,0,T,0.0,0.0,144.0,33.0,30.0,4.0,1.0,0.0,0.0,2.0,0.0,1.0,8.0,1.0,1.0,0.75,27.0,W,0.0,0.0,0.0,0.0,1.0,0.0,0.0,0.0
20200814WOLT0,20200814,LT,WO,0,B,0.0,2.0,141.0,35.0,32.0,5.0,2.0,0.0,0.0,3.0,0.0,0.0,7.0,1.0,0.0,0.43,27.0,W,0.0,0.0,0.0,0.0,1.0,0.0,0.0,1.0
20200814WOLT0,20200814,WO,LT,0,T,0.0,0.0,122.0,38.0,31.0,11.0,2.0,0.0,0.0,5.0,1.0,0.0,6.0,5.0,5.0,1.64,24.0,L,0.0,1.0,1.0,1.0,0.0,0.0,0.0,0.0
20200815KTOB0,20200815,OB,KT,0,B,0.0,1.0,171.0,41.0,34.0,7.0,2.0,1.0,1.0,6.0,0.0,1.0,8.0,5.0,4.0,0.92,27.0,W,1.0,0.0,0.0,0.0,0.0,0.0,0.0,1.0
20200815KTOB0,20200815,KT,OB,0,T,0.0,2.0,145.0,41.0,38.0,13.0,1.0,0.0,1.0,3.0,0.0,0.0,3.0,7.0,4.0,1.36,26.0,L,3.0,0.0,0.0,0.0,1.0,1.0,0.0,0.0
20200815LGNC0,20200815,NC,LG,0,B,0.0,0.0,177.0,45.0,40.0,15.0,4.0,0.0,2.0,3.0,0.0,1.0,9.0,13.0,13.0,1.91,27.0,L,0.0,0.0,0.0,1.0,0.0,2.0,0.0,0.0
20200815LGNC0,20200815,LG,NC,0,T,0.0,0.0,149.0,38.0,34.0,10.0,0.0,0.0,2.0,2.0,0.0,1.0,13.0,4.0,4.0,0.38,27.0,W,0.0,0.0,0.0,1.0,1.0,1.0,0.0,0.0
20200815SKHT0,20200815,HT,SK,0,B,0.0,0.0,137.0,36.0,33.0,9.0,2.0,0.0,0.0,3.0,0.0,0.0,1.0,3.0,3.0,2.4,27.0,W,0.0,1.0,0.0,0.0,2.0,1.0,0.0,0.0
20200815SKHT0,20200815,SK,HT,0,T,0.0,0.0,142.0,44.0,41.0,17.0,2.0,1.0,1.0,3.0,0.0,0.0,5.0,10.0,10.0,3.43,24.0,L,0.0,0.0,0.0,0.0,0.0,1.0,0.0,0.0
20200815SSHH0,20200815,HH,SS,0,B,0.0,0.0,153.0,34.0,29.0,3.0,0.0,0.0,1.0,4.0,0.0,0.0,11.0,2.0,2.0,0.0,27.0,L,0.0,0.0,1.0,0.0,0.0,0.0,0.0,0.0
20200815SSHH0,20200815,SS,HH,0,T,0.0,0.0,155.0,35.0,30.0,7.0,0.0,0.0,0.0,5.0,0.0,0.0,7.0,0.0,0.0,1.0,27.0,W,1.0,3.0,0.0,0.0,1.0,1.0,0.0,0.0
20200815WOLT0,20200815,LT,WO,0,B,0.0,0.0,128.0,36.0,34.0,9.0,4.0,0.0,0.0,2.0,0.0,0.0,4.0,3.0,3.0,1.71,27.0,L,0.0,0.0,0.0,0.0,1.0,0.0,0.0,0.0
20200815WOLT0,20200815,WO,LT,0,T,0.0,1.0,121.0,36.0,35.0,7.0,0.0,0.0,0.0,1.0,0.0,0.0,6.0,1.0,0.0,0.0,27.0,W,0.0,0.0,0.0,0.0,1.0,0.0,0.0,0.0
20200816KTOB0,20200816,OB,KT,0,B,0.0,0.0,157.0,41.0,35.0,11.0,5.0,0.0,0.0,3.0,0.0,0.0,5.0,4.0,2.0,0.9,27.0,L,1.0,0.0,2.0,1.0,1.0,0.0,0.0,0.0
20200816KTOB0,20200816,KT,OB,0,T,0.0,2.0,140.0,35.0,28.0,3.0,1.0,0.0,0.0,6.0,0.0,1.0,6.0,1.0,1.0,0.3,27.0,W,1.0,0.0,0.0,0.0,2.0,0.0,0.0,0.0
20200816LGNC0,20200816,NC,LG,0,B,0.0,0.0,163.0,41.0,32.0,7.0,0.0,0.0,2.0,8.0,0.0,0.0,3.0,6.0,3.0,2.0,27.0,L,0.0,1.0,1.0,0.0,1.0,0.0,0.0,0.0
20200816LGNC0,20200816,LG,NC,0,T,0.0,1.0,149.0,37.0,34.0,9.0,5.0,0.0,0.0,2.0,0.0,1.0,6.0,5.0,5.0,1.71,27.0,W,0.0,0.0,0.0,0.0,2.0,0.0,0.0,0.0
20200816SKHT0,20200816,HT,SK,0,B,0.0,2.0,179.0,41.0,34.0,7.0,2.0,0.0,0.0,7.0,0.0,0.0,13.0,5.0,5.0,1.88,27.0,W,0.0,0.0,0.0,0.0,0.0,1.0,0.0,0.0
20200816SKHT0,20200816,SK,HT,0,T,0.0,0.0,167.0,41.0,38.0,15.0,2.0,0.0,1.0,3.0,0.0,0.0,10.0,8.0,8.0,3.0,24.0,L,0.0,1.0,0.0,0.0,0.0,2.0,1.0,0.0
20200816SSHH0,20200816,HH,SS,0,B,0.0,2.0,134.0,34.0,32.0,5.0,1.0,0.0,2.0,1.0,0.0,1.0,9.0,2.0,2.0,0.0,27.0,W,1.0,0.0,0.0,0.0,0.0,0.0,0.0,0.0
20200816SSHH0,20200816,SS,HH,0,T,0.0,0.0,109.0,31.0,26.0,2.0,1.0,0.0,0.0,4.0,0.0,1.0,4.0,3.0,3.0,2.0,24.0,L,0.0,0.0,0.0,0.0,1.0,0.0,0.0,0.0
20200816WOLT0,20200816,LT,WO,0,B,0.0,0.0,155.0,41.0,35.0,9.0,5.0,0.0,1.0,2.0,0.0,3.0,4.0,6.0,6.0,1.36,27.0,L,1.0,0.0,0.0,1.0,0.0,1.0,0.0,0.0
20200816WOLT0,20200816,WO,LT,0,T,0.0,3.0,125.0,36.0,30.0,6.0,1.0,0.0,0.0,4.0,0.0,1.0,5.0,3.0,3.0,1.33,27.0,W,3.0,0.0,0.0,1.0,3.0,0.0,0.0,0.0
20200818HHSK0,20200818,SK,HH,0,B,0.0,0.0,181.0,43.0,32.0,6.0,2.0,0.0,0.0,7.0,0.0,4.0,16.0,3.0,3.0,1.39,27.0,W,0.0,0.0,0.0,0.0,0.0,0.0,0.0,0.0
20200818HHSK0,20200818,HH,SK,0,T,0.0,0.0,146.0,40.0,31.0,8.0,2.0,0.0,2.0,5.0,0.0,2.0,4.0,9.0,4.0,1.88,24.0,L,0.0,0.0,1.0,1.0,0.0,1.0,0.0,1.0
20200818HTLG0,20200818,LG,HT,0,B,0.0,0.0,178.0,46.0,40.0,11.0,2.0,0.0,0.0,5.0,0.0,0.0,8.0,5.0,5.0,2.5,30.0,W,0.0,0.0,1.0,0.0,0.0,1.0,0.0,0.0
20200818HTLG0,20200818,HT,LG,0,T,0.0,3.0,170.0,40.0,37.0,12.0,1.0,0.0,2.0,2.0,0.0,0.0,13.0,6.0,5.0,1.0,28.0,L,1.0,0.0,0.0,1.0,2.0,0.0,0.0,0.0
20200818KTSS0,20200818,SS,KT,0,B,0.0,1.0,177.0,42.0,33.0,9.0,1.0,0.0,1.0,8.0,0.0,0.0,7.0,6.0,5.0,1.5,27.0,L,0.0,0.0,0.0,1.0,0.0,1.0,0.0,1.0
20200818KTSS0,20200818,KT,SS,0,T,0.0,0.0,138.0,37.0,32.0,6.0,3.0,0.0,0.0,3.0,0.0,1.0,6.0,3.0,2.0,0.75,27.0,W,0.0,0.0,0.0,1.0,1.0,0.0,0.0,0.0
20200818OBLT0,20200818,LT,OB,0,B,0.0,0.0,200.0,50.0,43.0,16.0,2.0,0.0,0.0,3.0,0.0,2.0,10.0,9.0,8.0,1.15,27.0,L,1.0,0.0,1.0,1.0,0.0,0.0,0.0,2.0
20200818OBLT0,20200818,OB,LT,0,T,0.0,0.0,145.0,36.0,34.0,6.0,0.0,1.0,1.0,2.0,0.0,0.0,7.0,2.0,2.0,0.43,27.0,W,0.0,0.0,0.0,0.0,0.0,1.0,0.0,0.0
20200818WONC0,20200818,NC,WO,0,B,0.0,0.0,136.0,35.0,34.0,7.0,0.0,0.0,0.0,0.0,0.0,1.0,6.0,1.0,1.0,1.5,27.0,W,1.0,0.0,0.0,0.0,0.0,0.0,0.0,0.0
20200818WONC0,20200818,WO,NC,0,T,0.0,0.0,124.0,32.0,27.0,7.0,3.0,0.0,1.0,2.0,0.0,1.0,4.0,5.0,5.0,3.0,24.0,L,0.0,1.0,1.0,1.0,1.0,1.0,0.0,0.0
20200819HHSK0,20200819,SK,HH,0,B,0.0,0.0,171.0,43.0,40.0,12.0,2.0,0.0,2.0,3.0,0.0,0.0,8.0,6.0,4.0,0.75,27.0,W,0.0,0.0,0.0,0.0,0.0,0.0,0.0,0.0
20200819HHSK0,20200819,HH,SK,0,T,0.0,0.0,210.0,57.0,46.0,22.0,4.0,0.0,6.0,10.0,0.0,1.0,4.0,26.0,22.0,4.5,24.0,L,0.0,1.0,0.0,0.0,0.0,0.0,0.0,0.0
20200819HTLG0,20200819,LG,HT,0,B,0.0,0.0,152.0,36.0,34.0,8.0,0.0,0.0,0.0,2.0,0.0,0.0,9.0,1.0,1.0,0.6,27.0,W,0.0,0.0,0.0,0.0,1.0,0.0,0.0,0.0
20200819HTLG0,20200819,HT,LG,0,T,0.0,0.0,195.0,45.0,34.0,12.0,2.0,2.0,1.0,9.0,0.0,1.0,3.0,10.0,9.0,2.4,24.0,L,1.0,0.0,0.0,1.0,2.0,0.0,0.0,0.0
20200819KTSS0,20200819,SS,KT,0,B,0.0,0.0,165.0,37.0,31.0,6.0,1.0,0.0,1.0,4.0,0.0,1.0,8.0,6.0,6.0,2.0,27.0,L,0.0,0.0,0.0,1.0,1.0,1.0,0.0,1.0
20200819KTSS0,20200819,KT,SS,0,T,0.0,1.0,122.0,38.0,34.0,11.0,0.0,0.0,0.0,2.0,0.0,0.0,7.0,4.0,4.0,1.5,27.0,W,0.0,0.0,0.0,2.0,3.0,1.0,0.0,0.0
20200819OBLT0,20200819,LT,OB,0,B,0.0,0.0,137.0,33.0,28.0,6.0,0.0,0.0,1.0,4.0,0.0,1.0,6.0,3.0,3.0,0.43,27.0,W,0.0,1.0,0.0,0.0,3.0,0.0,1.0,0.0
20200819OBLT0,20200819,OB,LT,0,T,0.0,0.0,113.0,35.0,31.0,10.0,3.0,0.0,0.0,1.0,0.0,0.0,3.0,7.0,6.0,1.67,24.0,L,4.0,0.0,2.0,1.0,1.0,1.0,0.0,0.0
20200819WONC0,20200819,NC,WO,0,B,0.0,0.0,152.0,40.0,35.0,8.0,3.0,0.0,1.0,3.0,0.0,2.0,5.0,6.0,5.0,1.88,27.0,L,1.0,0.0,0.0,0.0,1.0,0.0,0.0,0.0
20200819WONC0,20200819,WO,NC,0,T,0.0,1.0,161.0,40.0,36.0,7.0,1.0,0.0,1.0,4.0,0.0,0.0,7.0,4.0,3.0,0.75,27.0,W,0.0,0.0,0.0,0.0,0.0,0.0,0.0,0.0
20200820KTHH0,20200820,HH,KT,0,B,0.0,0.0,144.0,36.0,31.0,6.0,0.0,0.0,1.0,4.0,1.0,0.0,5.0,3.0,3.0,0.75,27.0,L,3.0,0.0,1.0,0.0,1.0,0.0,0.0,0.0
20200820KTHH0,20200820,KT,HH,0,T,0.0,2.0,130.0,34.0,29.0,2.0,0.0,0.0,0.0,5.0,0.0,0.0,9.0,0.0,0.0,0.0,27.0,W,0.0,0.0,0.0,0.0,0.0,0.0,0.0,0.0
20200820LGWO0,20200820,WO,LG,0,B,0.0,0.0,166.0,38.0,36.0,9.0,1.0,0.0,1.0,2.0,0.0,0.0,9.0,5.0,5.0,1.2,27.0,W,1.0,0.0,0.0,0.0,1.0,1.0,0.0,2.0
20200820LGWO0,20200820,LG,WO,0,T,0.0,1.0,149.0,39.0,31.0,8.0,2.0,0.0,0.0,6.0,0.0,1.0,6.0,6.0,6.0,2.33,24.0,L,2.0,0.0,0.0,1.0,1.0,0.0,0.0,0.0
20200820LTOB0,20200820,OB,LT,0,B,0.0,0.0,167.0,44.0,36.0,11.0,2.0,1.0,1.0,7.0,1.0,0.0,7.0,6.0,6.0,1.39,27.0,L,2.0,0.0,1.0,0.0,1.0,0.0,0.0,0.0
20200820LTOB0,20200820,LT,OB,0,T,0.0,0.0,169.0,43.0,40.0,14.0,4.0,0.0,0.0,3.0,0.0,0.0,10.0,5.0,5.0,0.82,27.0,W,0.0,0.0,0.0,0.0,1.0,1.0,0.0,0.0
20200820NCHT0,20200820,HT,NC,0,B,0.0,0.0,170.0,51.0,45.0,21.0,3.0,0.0,1.0,3.0,0.0,0.0,6.0,14.0,14.0,3.3,27.0,L,3.0,0.0,2.0,1.0,0.0,0.0,0.0,0.0
20200820NCHT0,20200820,NC,HT,0,T,0.0,0.0,147.0,39.0,33.0,5.0,0.0,0.0,0.0,5.0,0.0,1.0,10.0,2.0,1.0,3.0,27.0,W,0.0,0.0,0.0,0.0,0.0,0.0,1.0,0.0
20200820SSSK0,20200820,SK,SS,0,B,0.0,0.0,167.0,42.0,35.0,9.0,2.0,0.0,0.0,6.0,0.0,0.0,9.0,8.0,5.0,5.25,27.0,L,2.0,0.0,1.0,0.0,1.0,0.0,0.0,0.0
20200820SSSK0,20200820,SS,SK,0,T,0.0,0.0,145.0,40.0,35.0,11.0,0.0,0.0,2.0,4.0,0.0,0.0,6.0,3.0,3.0,0.67,27.0,W,0.0,0.0,0.0,1.0,2.0,1.0,0.0,0.0
20200821KTHH0,20200821,HH,KT,0,B,0.0,0.0,156.0,35.0,30.0,4.0,0.0,0.0,1.0,4.0,0.0,1.0,12.0,1.0,1.0,1.0,27.0,W,0.0,0.0,0.0,0.0,1.0,0.0,0.0,0.0
20200821KTHH0,20200821,KT,HH,0,T,0.0,0.0,136.0,37.0,35.0,11.0,2.0,0.0,1.0,2.0,0.0,0.0,6.0,5.0,5.0,2.0,24.0,L,0.0,0.0,0.0,0.0,1.0,0.0,0.0,0.0
20200821LGWO0,20200821,WO,LG,0,B,0.0,0.0,159.0,42.0,36.0,10.0,1.0,1.0,2.0,6.0,0.0,0.0,6.0,7.0,7.0,1.67,27.0,L,1.0,0.0,0.0,0.0,0.0,0.0,0.0,0.0
20200821LGWO0,20200821,LG,WO,0,T,0.0,0.0,130.0,36.0,33.0,6.0,0.0,0.0,1.0,2.0,0.0,1.0,6.0,3.0,3.0,0.6,27.0,W,1.0,0.0,0.0,0.0,0.0,0.0,0.0,0.0
20200821LTOB0,20200821,OB,LT,0,B,0.0,0.0,144.0,33.0,31.0,3.0,1.0,0.0,0.0,2.0,1.0,0.0,8.0,0.0,0.0,0.38,27.0,W,2.0,0.0,0.0,0.0,0.0,1.0,0.0,0.0
20200821LTOB0,20200821,LT,OB,0,T,0.0,0.0,151.0,36.0,31.0,5.0,0.0,0.0,0.0,4.0,1.0,0.0,6.0,1.0,1.0,1.5,26.0,L,0.0,0.0,1.0,0.0,0.0,0.0,0.0,0.0
20200821NCHT0,20200821,HT,NC,0,B,0.0,0.0,149.0,43.0,38.0,10.0,5.0,0.0,1.0,4.0,0.0,0.0,10.0,10.0,6.0,2.0,27.0,L,0.0,0.0,1.0,0.0,0.0,0.0,0.0,1.0
20200821NCHT0,20200821,NC,HT,0,T,0.0,1.0,149.0,38.0,34.0,9.0,0.0,0.0,2.0,2.0,0.0,1.0,5.0,4.0,4.0,1.5,27.0,W,1.0,1.0,1.0,0.0,0.0,0.0,0.0,0.0
20200821SSSK0,20200821,SK,SS,0,B,0.0,1.0,186.0,47.0,37.0,11.0,1.0,1.0,2.0,8.0,0.0,1.0,8.0,6.0,5.0,0.64,27.0,W,0.0,0.0,0.0,1.0,1.0,0.0,0.0,0.0
20200821SSSK0,20200821,SS,SK,0,T,0.0,1.0,123.0,43.0,32.0,12.0,2.0,0.0,0.0,5.0,1.0,3.0,2.0,8.0,8.0,1.5,24.0,L,0.0,0.0,2.0,1.0,0.0,0.0,0.0,0.0
20200822HTWO0,20200822,WO,HT,0,B,0.0,0.0,153.0,37.0,34.0,7.0,0.0,0.0,0.0,3.0,0.0,0.0,10.0,3.0,1.0,2.14,27.0,W,2.0,0.0,0.0,0.0,0.0,1.0,0.0,0.0
20200822HTWO0,20200822,HT,WO,0,T,0.0,1.0,144.0,37.0,32.0,10.0,1.0,0.0,1.0,5.0,0.0,0.0,6.0,4.0,4.0,1.5,24.0,L,1.0,0.0,0.0,0.0,2.0,0.0,0.0,0.0
20200822LTSS0,20200822,SS,LT,0,B,0.0,0.0,135.0,42.0,39.0,13.0,2.0,0.0,1.0,2.0,0.0,0.0,5.0,5.0,5.0,1.8,27.0,L,1.0,0.0,1.0,0.0,0.0,1.0,0.0,0.0
20200822LTSS0,20200822,LT,SS,0,T,0.0,3.0,157.0,38.0,35.0,10.0,1.0,0.0,0.0,2.0,0.0,0.0,5.0,3.0,2.0,0.86,27.0,W,3.0,0.0,0.0,1.0,1.0,1.0,0.0,0.0
20200822OBSK0,20200822,SK,OB,0,B,0.0,0.0,168.0,44.0,39.0,12.0,1.0,0.0,2.0,4.0,0.0,1.0,9.0,8.0,6.0,1.88,27.0,L,2.0,1.0,0.0,0.0,0.0,1.0,0.0,0.0
20200822OBSK0,20200822,OB,SK,0,T,0.0,0.0,163.0,41.0,36.0,9.0,2.0,0.0,1.0,5.0,0.0,0.0,7.0,1.0,1.0,0.86,27.0,W,0.0,0.0,0.0,0.0,0.0,0.0,0.0,0.0
20200823HHLG0,20200823,LG,HH,0,B,0.0,0.0,132.0,36.0,31.0,6.0,1.0,0.0,1.0,4.0,0.0,0.0,6.0,4.0,2.0,2.0,27.0,L,0.0,1.0,0.0,1.0,0.0,0.0,0.0,0.0
20200823HHLG0,20200823,HH,LG,0,T,0.0,3.0,159.0,37.0,30.0,6.0,1.0,0.0,0.0,6.0,1.0,1.0,8.0,3.0,3.0,2.5,27.0,W,0.0,0.0,0.0,0.0,3.0,1.0,0.0,0.0
20200823HTWO0,20200823,WO,HT,0,B,0.0,0.0,164.0,41.0,36.0,11.0,0.0,0.0,3.0,2.0,0.0,1.0,9.0,8.0,8.0,4.5,27.0,L,0.0,0.0,1.0,1.0,0.0,0.0,0.0,0.0
20200823HTWO0,20200823,HT,WO,0,T,0.0,2.0,163.0,41.0,37.0,13.0,2.0,1.0,0.0,3.0,0.0,0.0,9.0,7.0,7.0,1.15,27.0,W,1.0,0.0,1.0,0.0,1.0,1.0,0.0,0.0
20200823LTSS0,20200823,SS,LT,0,B,0.0,0.0,167.0,43.0,37.0,10.0,2.0,0.0,3.0,6.0,0.0,0.0,7.0,11.0,8.0,2.5,27.0,L,1.0,1.0,0.0,0.0,0.0,1.0,0.0,0.0
20200823LTSS0,20200823,LT,SS,0,T,0.0,0.0,149.0,35.0,31.0,4.0,0.0,0.0,0.0,4.0,0.0,0.0,7.0,0.0,0.0,0.6,27.0,W,0.0,0.0,0.0,0.0,0.0,0.0,0.0,0.0
20200823NCKT0,20200823,KT,NC,0,B,0.0,0.0,150.0,40.0,35.0,9.0,2.0,0.0,0.0,4.0,0.0,1.0,7.0,1.0,1.0,1.5,27.0,W,0.0,0.0,0.0,0.0,1.0,0.0,0.0,0.0
20200823NCKT0,20200823,NC,KT,0,T,0.0,0.0,160.0,42.0,34.0,13.0,2.0,0.0,3.0,8.0,0.0,0.0,6.0,10.0,10.0,3.0,24.0,L,0.0,2.0,0.0,0.0,1.0,0.0,0.0,0.0
20200823OBSK0,20200823,SK,OB,0,B,0.0,0.0,158.0,45.0,35.0,9.0,0.0,0.0,3.0,7.0,0.0,2.0,4.0,8.0,7.0,2.5,27.0,L,3.0,1.0,1.0,0.0,0.0,0.0,1.0,0.0
20200823OBSK0,20200823,OB,SK,0,T,0.0,0.0,165.0,40.0,34.0,9.0,1.0,1.0,0.0,4.0,0.0,1.0,7.0,1.0,1.0,0.0,27.0,W,0.0,1.0,0.0,1.0,0.0,0.0,0.0,0.0
20200824HHLG0,20200824,LG,HH,0,B,0.0,0.0,177.0,46.0,38.0,14.0,1.0,2.0,0.0,3.0,0.0,0.0,7.0,6.0,5.0,1.15,27.0,L,0.0,0.0,3.0,2.0,0.0,1.0,0.0,0.0
20200824HHLG0,20200824,HH,LG,0,T,0.0,1.0,158.0,37.0,32.0,5.0,1.0,0.0,0.0,4.0,0.0,1.0,6.0,3.0,2.0,0.5,27.0,W,1.0,0.0,0.0,0.0,1.0,1.0,0.0,0.0
20200824NCKT0,20200824,KT,NC,0,B,0.0,0.0,139.0,37.0,34.0,8.0,0.0,0.0,0.0,2.0,0.0,1.0,4.0,1.0,1.0,0.5,27.0,W,1.0,0.0,0.0,0.0,1.0,0.0,0.0,0.0
20200824NCKT0,20200824,NC,KT,0,T,0.0,0.0,158.0,41.0,37.0,14.0,1.0,0.0,1.0,4.0,0.0,0.0,9.0,8.0,8.0,1.8,24.0,L,1.0,1.0,0.0,0.0,0.0,0.0,0.0,0.0
20200825HHNC0,20200825,NC,HH,0,B,0.0,0.0,179.0,43.0,37.0,11.0,1.0,1.0,0.0,4.0,0.0,2.0,9.0,3.0,3.0,0.75,27.0,W,0.0,0.0,0.0,0.0,1.0,0.0,0.0,0.0
20200825HHNC0,20200825,HH,NC,0,T,0.0,0.0,150.0,40.0,38.0,15.0,3.0,0.0,6.0,2.0,0.0,0.0,7.0,11.0,11.0,2.0,24.0,L,1.0,0.0,0.0,0.0,0.0,0.0,0.0,0.0
20200825HTOB0,20200825,OB,HT,0,B,0.0,0.0,154.0,40.0,30.0,7.0,2.0,0.0,1.0,8.0,0.0,2.0,5.0,8.0,6.0,1.75,24.0,D,2.0,0.0,0.0,0.0,1.0,0.0,0.0,0.0
20200825HTOB0,20200825,HT,OB,0,T,0.0,0.0,164.0,40.0,34.0,14.0,1.0,0.0,3.0,5.0,0.0,0.0,2.0,10.0,8.0,1.71,22.0,D,0.0,1.0,1.0,0.0,1.0,0.0,0.0,0.0
20200825LGSS0,20200825,SS,LG,0,B,0.0,2.0,166.0,40.0,33.0,7.0,1.0,0.0,1.0,4.0,0.0,3.0,8.0,3.0,3.0,1.71,27.0,W,1.0,1.0,0.0,0.0,0.0,0.0,0.0,0.0
20200825LGSS0,20200825,LG,SS,0,T,0.0,0.0,114.0,31.0,31.0,7.0,1.0,0.0,2.0,0.0,0.0,0.0,4.0,4.0,4.0,0.0,24.0,L,0.0,0.0,0.0,0.0,0.0,0.0,0.0,0.0
20200825SKLT0,20200825,LT,SK,0,B,0.0,0.0,173.0,46.0,37.0,11.0,3.0,0.0,2.0,7.0,0.0,2.0,3.0,10.0,10.0,1.91,27.0,L,1.0,0.0,0.0,0.0,1.0,1.0,0.0,0.0
20200825SKLT0,20200825,SK,LT,0,T,0.0,0.0,175.0,43.0,38.0,11.0,1.0,0.0,1.0,4.0,0.0,0.0,6.0,8.0,7.0,2.14,27.0,W,0.0,0.0,0.0,1.0,1.0,3.0,0.0,0.0
20200825WOKT0,20200825,KT,WO,0,B,0.0,0.0,167.0,44.0,36.0,10.0,0.0,0.0,0.0,6.0,1.0,1.0,6.0,4.0,3.0,0.92,27.0,L,2.0,0.0,1.0,0.0,0.0,1.0,0.0,1.0
20200825WOKT0,20200825,WO,KT,0,T,0.0,1.0,127.0,33.0,32.0,5.0,2.0,0.0,0.0,1.0,0.0,0.0,7.0,1.0,1.0,0.75,27.0,W,0.0,0.0,0.0,0.0,0.0,0.0,0.0,0.0
20200826HHNC0,20200826,NC,HH,0,B,0.0,1.0,156.0,39.0,34.0,7.0,1.0,0.0,1.0,2.0,0.0,3.0,8.0,5.0,5.0,0.82,27.0,W,0.0,0.0,0.0,0.0,2.0,0.0,0.0,0.0
20200826HHNC0,20200826,HH,NC,0,T,0.0,0.0,150.0,40.0,36.0,11.0,2.0,0.0,2.0,3.0,0.0,1.0,6.0,9.0,6.0,2.14,24.0,L,1.0,0.0,0.0,0.0,1.0,1.0,0.0,0.0
20200826HTOB0,20200826,OB,HT,0,B,0.0,0.0,177.0,46.0,41.0,15.0,1.0,0.0,1.0,4.0,0.0,0.0,5.0,7.0,7.0,2.0,27.0,L,0.0,0.0,1.0,0.0,0.0,1.0,0.0,0.0
20200826HTOB0,20200826,HT,OB,0,T,0.0,3.0,172.0,43.0,35.0,11.0,1.0,0.0,1.0,6.0,0.0,0.0,8.0,5.0,4.0,0.75,27.0,W,0.0,0.0,0.0,2.0,1.0,0.0,0.0,1.0
20200826LGSS0,20200826,SS,LG,0,B,0.0,5.0,138.0,39.0,36.0,10.0,1.0,0.0,4.0,3.0,0.0,0.0,7.0,8.0,8.0,1.0,27.0,L,0.0,0.0,0.0,0.0,0.0,0.0,0.0,0.0
20200826LGSS0,20200826,LG,SS,0,T,0.0,1.0,139.0,37.0,35.0,9.0,0.0,0.0,1.0,1.0,0.0,1.0,6.0,5.0,5.0,1.5,27.0,W,0.0,0.0,0.0,0.0,1.0,0.0,0.0,0.0
20200826SKLT0,20200826,LT,SK,0,B,0.0,0.0,131.0,31.0,29.0,4.0,0.0,0.0,1.0,2.0,0.0,0.0,7.0,1.0,1.0,0.0,27.0,W,1.0,0.0,0.0,0.0,2.0,0.0,0.0,0.0
20200826SKLT0,20200826,SK,LT,0,T,0.0,0.0,140.0,37.0,28.0,4.0,0.0,0.0,0.0,8.0,0.0,1.0,4.0,3.0,3.0,2.4,24.0,L,0.0,0.0,0.0,0.0,0.0,0.0,0.0,0.0
20200826WOKT0,20200826,KT,WO,0,B,0.0,0.0,153.0,40.0,36.0,8.0,0.0,1.0,2.0,3.0,0.0,0.0,6.0,5.0,5.0,2.25,30.0,W,1.0,0.0,1.0,0.0,1.0,0.0,0.0,0.0
20200826WOKT0,20200826,WO,KT,0,T,0.0,4.0,210.0,44.0,36.0,10.0,2.0,0.0,1.0,7.0,0.0,0.0,6.0,6.0,6.0,1.5,28.0,L,1.0,0.0,1.0,0.0,2.0,0.0,0.0,0.0
20200827HTSK0,20200827,SK,HT,0,B,0.0,1.0,139.0,37.0,33.0,8.0,2.0,0.0,0.0,2.0,0.0,1.0,12.0,4.0,4.0,1.29,27.0,W,0.0,1.0,1.0,0.0,0.0,0.0,0.0,0.0
20200827HTSK0,20200827,HT,SK,0,T,0.0,0.0,140.0,42.0,36.0,14.0,4.0,0.0,2.0,2.0,0.0,1.0,6.0,10.0,5.0,1.33,24.0,L,1.0,0.0,2.0,1.0,0.0,0.0,0.0,1.0
20200827KTLG0,20200827,LG,KT,0,B,0.0,1.0,142.0,35.0,29.0,2.0,1.0,0.0,0.0,4.0,0.0,2.0,5.0,0.0,0.0,0.0,27.0,W,0.0,0.0,0.0,0.0,0.0,0.0,0.0,0.0
20200827KTLG0,20200827,KT,LG,0,T,0.0,0.0,122.0,31.0,29.0,6.0,0.0,1.0,0.0,2.0,0.0,0.0,7.0,2.0,1.0,0.6,24.0,L,1.0,1.0,0.0,0.0,1.0,0.0,0.0,0.0
20200827OBNC0,20200827,NC,OB,0,B,0.0,0.0,151.0,39.0,37.0,13.0,6.0,0.0,0.0,2.0,0.0,0.0,4.0,2.0,2.0,1.2,27.0,W,0.0,1.0,0.0,0.0,1.0,0.0,0.0,0.0
20200827OBNC0,20200827,OB,NC,0,T,0.0,0.0,163.0,40.0,35.0,13.0,2.0,1.0,1.0,4.0,0.0,1.0,9.0,8.0,8.0,3.43,24.0,L,0.0,0.0,0.0,0.0,1.0,0.0,0.0,0.0
20200827SSHH0,20200827,HH,SS,0,B,0.0,0.0,128.0,33.0,32.0,8.0,0.0,0.0,0.0,0.0,0.0,1.0,6.0,0.0,0.0,0.38,27.0,W,1.0,1.0,0.0,0.0,1.0,0.0,0.0,0.0
20200827SSHH0,20200827,SS,HH,0,T,0.0,0.0,146.0,38.0,33.0,11.0,1.0,1.0,0.0,4.0,0.0,0.0,3.0,7.0,7.0,2.0,24.0,L,0.0,0.0,1.0,0.0,1.0,0.0,0.0,0.0
20200827WOLT0,20200827,LT,WO,0,B,0.0,0.0,152.0,45.0,40.0,15.0,5.0,0.0,3.0,3.0,0.0,1.0,2.0,11.0,9.0,1.62,27.0,L,2.0,0.0,1.0,0.0,2.0,0.0,0.0,0.0
20200827WOLT0,20200827,WO,LT,0,T,0.0,0.0,168.0,43.0,36.0,12.0,2.0,0.0,0.0,5.0,0.0,1.0,5.0,6.0,6.0,2.0,27.0,W,0.0,0.0,0.0,1.0,2.0,0.0,0.0,0.0
20200828HTSK0,20200828,SK,HT,0,B,0.0,0.0,193.0,45.0,39.0,13.0,0.0,0.0,4.0,4.0,0.0,0.0,8.0,11.0,11.0,1.09,27.0,L,0.0,0.0,2.0,0.0,0.0,1.0,1.0,0.0
20200828HTSK0,20200828,HT,SK,0,T,0.0,1.0,180.0,44.0,33.0,11.0,2.0,2.0,1.0,6.0,0.0,3.0,10.0,8.0,7.0,2.0,27.0,W,0.0,1.0,2.0,0.0,2.0,1.0,0.0,1.0
20200828KTLG0,20200828,LG,KT,0,B,0.0,0.0,164.0,40.0,36.0,5.0,1.0,0.0,2.0,3.0,0.0,1.0,13.0,5.0,5.0,2.0,33.0,W,1.0,1.0,0.0,0.0,1.0,0.0,0.0,0.0
20200828KTLG0,20200828,KT,LG,0,T,0.0,1.0,177.0,47.0,40.0,12.0,3.0,0.0,0.0,4.0,1.0,1.0,6.0,6.0,6.0,2.67,32.0,L,0.0,0.0,1.0,1.0,2.0,2.0,0.0,0.0
20200828OBNC0,20200828,NC,OB,0,B,0.0,0.0,197.0,52.0,46.0,18.0,1.0,0.0,4.0,4.0,0.0,2.0,4.0,11.0,11.0,0.92,27.0,L,0.0,0.0,0.0,0.0,0.0,0.0,0.0,0.0
20200828OBNC0,20200828,OB,NC,0,T,0.0,0.0,145.0,39.0,35.0,10.0,1.0,1.0,1.0,4.0,0.0,0.0,4.0,4.0,4.0,2.4,27.0,W,0.0,0.0,0.0,0.0,1.0,1.0,0.0,0.0
20200828WOLT0,20200828,LT,WO,0,B,0.0,1.0,196.0,44.0,36.0,11.0,3.0,0.0,2.0,7.0,1.0,0.0,7.0,8.0,7.0,1.91,27.0,L,5.0,1.0,0.0,1.0,0.0,1.0,0.0,0.0
20200828WOLT0,20200828,WO,LT,0,T,0.0,0.0,129.0,40.0,37.0,12.0,2.0,0.0,2.0,2.0,0.0,1.0,3.0,4.0,4.0,1.2,27.0,W,2.0,0.0,0.0,0.0,1.0,0.0,0.0,0.0
20200829HHLT0,20200829,LT,HH,0,B,0.0,1.0,166.0,40.0,38.0,11.0,0.0,1.0,2.0,2.0,0.0,0.0,13.0,7.0,7.0,4.5,27.0,W,0.0,0.0,0.0,0.0,0.0,0.0,0.0,0.0
20200829HHLT0,20200829,HH,LT,0,T,0.0,0.0,135.0,40.0,33.0,11.0,3.0,0.0,4.0,6.0,0.0,0.0,5.0,9.0,9.0,2.5,24.0,L,1.0,0.0,0.0,1.0,1.0,1.0,0.0,0.0
20200829SKNC0,20200829,NC,SK,0,B,0.0,0.0,135.0,37.0,35.0,9.0,0.0,0.0,2.0,2.0,0.0,0.0,5.0,5.0,5.0,0.5,27.0,W,0.0,0.0,0.0,0.0,1.0,0.0,0.0,0.0
20200829SKNC0,20200829,SK,NC,0,T,0.0,0.0,153.0,39.0,35.0,14.0,3.0,0.0,2.0,3.0,1.0,1.0,4.0,9.0,9.0,2.14,24.0,L,1.0,3.0,0.0,0.0,1.0,1.0,0.0,0.0
2020829SSWO0,20200829,WO,SS,0,B,0.0,1.0,142.0,40.0,37.0,10.0,2.0,0.0,0.0,2.0,0.0,0.0,10.0,5.0,5.0,2.5,27.0,L,1.0,0.0,1.0,0.0,0.0,0.0,0.0,0.0
2020829SSWO0,20200829,SS,WO,0,T,0.0,0.0,119.0,35.0,30.0,8.0,2.0,0.0,0.0,3.0,0.0,0.0,3.0,4.0,4.0,1.5,27.0,W,0.0,0.0,1.0,1.0,3.0,0.0,0.0,0.0
20200830KTHT1,20200830,HT,KT,1,B,0.0,0.0,177.0,46.0,34.0,7.0,2.0,0.0,1.0,11.0,0.0,0.0,7.0,8.0,7.0,3.0,27.0,L,0.0,1.0,1.0,0.0,0.0,0.0,0.0,0.0
20200830KTHT1,20200830,KT,HT,1,T,0.0,2.0,149.0,40.0,33.0,10.0,1.0,0.0,0.0,3.0,0.0,1.0,8.0,5.0,5.0,1.25,27.0,W,0.0,0.0,2.0,1.0,1.0,1.0,0.0,0.0
20200830OBLG0,20200830,LG,OB,0,B,0.0,1.0,126.0,32.0,31.0,7.0,1.0,0.0,0.0,0.0,0.0,1.0,5.0,1.0,1.0,0.5,27.0,W,2.0,0.0,1.0,0.0,1.0,1.0,0.0,0.0
20200830OBLG0,20200830,OB,LG,0,T,0.0,0.0,162.0,37.0,30.0,8.0,2.0,0.0,1.0,6.0,1.0,0.0,6.0,4.0,4.0,1.67,24.0,L,0.0,1.0,0.0,0.0,2.0,1.0,0.0,0.0
20200830HHLT0,20200830,LT,HH,0,B,0.0,0.0,127.0,35.0,33.0,6.0,1.0,0.0,0.0,2.0,0.0,0.0,6.0,2.0,2.0,1.5,27.0,W,1.0,0.0,0.0,0.0,0.0,0.0,0.0,0.0
20200830HHLT0,20200830,HH,LT,0,T,0.0,0.0,145.0,37.0,34.0,10.0,3.0,0.0,0.0,3.0,0.0,0.0,6.0,6.0,2.0,1.88,24.0,L,2.0,0.0,0.0,0.0,1.0,1.0,0.0,0.0
20200830SKNC0,20200830,NC,SK,0,B,0.0,4.0,132.0,37.0,33.0,7.0,1.0,0.0,3.0,3.0,0.0,0.0,7.0,4.0,4.0,0.0,27.0,W,0.0,0.0,1.0,0.0,0.0,0.0,0.0,0.0
20200830SKNC0,20200830,SK,NC,0,T,0.0,0.0,139.0,38.0,28.0,7.0,2.0,1.0,0.0,7.0,1.0,1.0,5.0,7.0,7.0,4.5,24.0,L,0.0,0.0,1.0,1.0,0.0,0.0,0.0,0.0
20200830SSWO0,20200830,WO,SS,0,B,0.0,1.0,131.0,37.0,34.0,10.0,0.0,0.0,0.0,1.0,0.0,0.0,5.0,2.0,2.0,0.86,27.0,W,2.0,0.0,1.0,1.0,1.0,0.0,0.0,0.0
20200830SSWO0,20200830,SS,WO,0,T,0.0,0.0,178.0,37.0,34.0,11.0,1.0,1.0,0.0,3.0,0.0,0.0,4.0,3.0,3.0,0.75,24.0,L,3.0,1.0,0.0,0.0,1.0,1.0,0.0,0.0
20200830KTHT2,20200830,HT,KT,2,B,0.0,3.0,162.0,41.0,37.0,10.0,1.0,1.0,1.0,3.0,0.0,0.0,10.0,5.0,4.0,1.71,27.0,W,1.0,0.0,0.0,1.0,0.0,0.0,0.0,0.0
20200830KTHT2,20200830,KT,HT,2,T,0.0,0.0,126.0,38.0,34.0,10.0,2.0,0.0,1.0,4.0,0.0,0.0,1.0,7.0,4.0,2.0,24.0,L,1.0,0.0,0.0,0.0,1.0,1.0,0.0,0.0
20200901HHOB0,20200901,OB,HH,0,B,0.0,0.0,125.0,29.0,29.0,3.0,0.0,0.0,0.0,0.0,0.0,0.0,9.0,0.0,0.0,,27.0,W,0.0,0.0,0.0,0.0,1.0,0.0,0.0,0.0
20200901HHOB0,20200901,HH,OB,0,T,0.0,0.0,137.0,36.0,33.0,10.0,2.0,0.0,0.0,2.0,0.0,0.0,5.0,4.0,3.0,1.67,24.0,L,1.0,0.0,0.0,1.0,1.0,1.0,0.0,1.0
20200901LGSK0,20200901,SK,LG,0,B,0.0,0.0,193.0,49.0,38.0,11.0,3.0,0.0,3.0,8.0,1.0,1.0,10.0,13.0,11.0,3.75,27.0,L,0.0,0.0,1.0,1.0,0.0,2.0,0.0,0.0
20200901LGSK0,20200901,LG,SK,0,T,0.0,2.0,166.0,42.0,35.0,10.0,0.0,0.0,0.0,6.0,1.0,0.0,8.0,5.0,5.0,3.0,27.0,W,1.0,0.0,0.0,1.0,1.0,1.0,0.0,1.0
20200901LTKT0,20200901,KT,LT,0,B,0.0,0.0,153.0,35.0,29.0,6.0,1.0,0.0,0.0,6.0,0.0,0.0,3.0,2.0,2.0,0.75,27.0,W,0.0,1.0,0.0,0.0,2.0,0.0,0.0,0.0
20200901LTKT0,20200901,LT,KT,0,T,0.0,0.0,163.0,41.0,37.0,14.0,2.0,0.0,2.0,3.0,0.0,0.0,7.0,11.0,8.0,3.43,24.0,L,2.0,0.0,1.0,0.0,1.0,0.0,0.0,1.0
20200901NCWO0,20200901,WO,NC,0,B,0.0,0.0,160.0,38.0,32.0,10.0,2.0,0.0,1.0,4.0,0.0,0.0,10.0,5.0,5.0,0.67,27.0,L,0.0,1.0,0.0,2.0,1.0,0.0,0.0,0.0
20200901NCWO0,20200901,NC,WO,0,T,0.0,3.0,135.0,35.0,33.0,6.0,2.0,0.0,0.0,2.0,0.0,0.0,7.0,2.0,2.0,0.75,27.0,W,0.0,0.0,0.0,0.0,0.0,0.0,0.0,0.0
20200901SSHT0,20200901,HT,SS,0,B,0.0,0.0,121.0,31.0,30.0,4.0,0.0,0.0,0.0,1.0,0.0,0.0,5.0,0.0,0.0,0.0,27.0,W,0.0,0.0,0.0,0.0,2.0,0.0,0.0,0.0
20200901SSHT0,20200901,SS,HT,0,T,0.0,0.0,188.0,40.0,31.0,9.0,2.0,0.0,1.0,9.0,0.0,0.0,9.0,6.0,6.0,2.0,24.0,L,0.0,1.0,0.0,0.0,0.0,0.0,0.0,1.0
20200902NCWO0,20200902,WO,NC,0,B,0.0,0.0,136.0,38.0,34.0,9.0,3.0,0.0,1.0,2.0,0.0,2.0,5.0,4.0,4.0,2.25,27.0,W,0.0,0.0,0.0,0.0,2.0,0.0,0.0,0.0
20200902NCWO0,20200902,NC,WO,0,T,0.0,0.0,164.0,41.0,31.0,7.0,2.0,0.0,0.0,7.0,0.0,3.0,7.0,6.0,5.0,2.63,24.0,L,1.0,0.0,0.0,0.0,0.0,1.0,0.0,1.0
20200903HTLT0,20200903,LT,HT,0,B,0.0,0.0,133.0,38.0,36.0,10.0,1.0,0.0,2.0,1.0,0.0,0.0,7.0,4.0,4.0,1.0,27.0,L,0.0,0.0,1.0,0.0,0.0,0.0,0.0,0.0
20200903HTLT0,20200903,HT,LT,0,T,0.0,1.0,129.0,33.0,30.0,5.0,2.0,0.0,0.0,2.0,0.0,1.0,6.0,3.0,3.0,3.0,27.0,W,1.0,1.0,0.0,0.0,1.0,1.0,0.0,0.0
20200903NCLG0,20200903,LG,NC,0,B,0.0,0.0,161.0,43.0,40.0,16.0,2.0,0.0,0.0,2.0,0.0,1.0,11.0,5.0,5.0,1.36,27.0,W,3.0,0.0,0.0,0.0,2.0,0.0,0.0,0.0
20200903NCLG0,20200903,NC,LG,0,T,0.0,3.0,131.0,35.0,32.0,9.0,1.0,0.0,1.0,2.0,0.0,0.0,8.0,6.0,2.0,1.29,24.0,L,0.0,1.0,1.0,0.0,2.0,0.0,0.0,0.0
20200903OBSS0,20200903,SS,OB,0,B,0.0,1.0,143.0,41.0,38.0,10.0,3.0,1.0,3.0,3.0,0.0,0.0,4.0,10.0,6.0,1.29,27.0,W,1.0,0.0,0.0,0.0,1.0,0.0,0.0,0.0
20200903OBSS0,20200903,OB,SS,0,T,0.0,0.0,178.0,41.0,35.0,16.0,5.0,1.0,1.0,4.0,0.0,0.0,6.0,11.0,10.0,2.4,24.0,L,1.0,1.0,1.0,1.0,2.0,1.0,0.0,0.0
20200903SKKT0,20200903,KT,SK,0,B,0.0,0.0,126.0,37.0,32.0,8.0,1.0,0.0,0.0,5.0,0.0,0.0,2.0,2.0,2.0,0.86,27.0,W,1.0,0.0,0.0,0.0,2.0,0.0,0.0,0.0
20200903SKKT0,20200903,SK,KT,0,T,0.0,0.0,162.0,38.0,34.0,12.0,3.0,0.0,0.0,4.0,0.0,0.0,6.0,6.0,6.0,2.4,24.0,L,1.0,1.0,0.0,0.0,1.0,1.0,0.0,0.0
20200903WOHH0,20200903,HH,WO,0,B,0.0,0.0,168.0,40.0,34.0,9.0,0.0,0.0,1.0,5.0,0.0,0.0,8.0,6.0,6.0,3.6,27.0,L,2.0,1.0,0.0,1.0,0.0,0.0,0.0,0.0
20200903WOHH0,20200903,WO,HH,0,T,0.0,2.0,157.0,44.0,38.0,11.0,2.0,0.0,1.0,4.0,0.0,2.0,8.0,5.0,3.0,0.9,27.0,W,0.0,1.0,0.0,0.0,0.0,1.0,0.0,1.0
20200904HTLT1,20200904,LT,HT,1,B,0.0,0.0,152.0,40.0,34.0,8.0,3.0,0.0,1.0,3.0,0.0,1.0,7.0,6.0,5.0,0.9,27.0,L,0.0,0.0,2.0,0.0,1.0,0.0,0.0,0.0
20200904HTLT1,20200904,HT,LT,1,T,0.0,1.0,158.0,36.0,29.0,5.0,0.0,0.0,0.0,5.0,0.0,1.0,10.0,3.0,3.0,1.5,27.0,W,0.0,0.0,0.0,1.0,2.0,1.0,0.0,0.0
20200904SKKT1,20200904,KT,SK,1,B,0.0,0.0,121.0,35.0,32.0,5.0,0.0,0.0,1.0,2.0,0.0,1.0,6.0,2.0,2.0,3.0,27.0,W,0.0,0.0,0.0,0.0,0.0,0.0,0.0,0.0
20200904SKKT1,20200904,SK,KT,1,T,0.0,0.0,162.0,38.0,35.0,13.0,3.0,0.0,3.0,3.0,0.0,0.0,7.0,10.0,10.0,1.13,24.0,L,2.0,2.0,0.0,0.0,0.0,0.0,0.0,0.0
20200904NCLG0,20200904,LG,NC,0,B,0.0,0.0,235.0,55.0,46.0,13.0,1.0,0.0,0.0,4.0,1.0,3.0,15.0,5.0,5.0,2.63,36.0,D,3.0,1.0,1.0,1.0,0.0,2.0,0.0,0.0
20200904NCLG0,20200904,NC,LG,0,T,0.0,3.0,222.0,57.0,46.0,13.0,3.0,1.0,0.0,8.0,1.0,1.0,14.0,5.0,5.0,1.6,36.0,D,2.0,0.0,2.0,0.0,1.0,1.0,0.0,1.0
20200904OBSS0,20200904,SS,OB,0,B,0.0,0.0,160.0,38.0,32.0,8.0,1.0,0.0,0.0,5.0,0.0,0.0,12.0,5.0,5.0,2.0,27.0,W,0.0,0.0,0.0,1.0,2.0,1.0,0.0,0.0
20200904OBSS0,20200904,OB,SS,0,T,0.0,0.0,191.0,48.0,37.0,16.0,3.0,0.0,2.0,9.0,0.0,0.0,3.0,12.0,11.0,2.57,24.0,L,1.0,0.0,0.0,2.0,2.0,2.0,0.0,0.0
20200904SKKT2,20200904,KT,SK,2,B,0.0,0.0,119.0,36.0,34.0,10.0,2.0,0.0,2.0,0.0,0.0,0.0,6.0,5.0,5.0,1.5,27.0,W,0.0,1.0,1.0,1.0,0.0,0.0,0.0,0.0
20200904SKKT2,20200904,SK,KT,2,T,0.0,0.0,156.0,43.0,33.0,9.0,2.0,0.0,2.0,9.0,0.0,0.0,3.0,7.0,7.0,1.0,26.0,L,0.0,0.0,0.0,1.0,1.0,0.0,0.0,0.0
20200904WOHH0,20200904,HH,WO,0,B,0.0,1.0,147.0,36.0,32.0,6.0,1.0,0.0,0.0,4.0,0.0,0.0,8.0,1.0,1.0,0.33,27.0,W,2.0,0.0,0.0,0.0,0.0,0.0,0.0,0.0
20200904WOHH0,20200904,WO,HH,0,T,0.0,0.0,174.0,40.0,30.0,10.0,1.0,0.0,0.0,7.0,0.0,0.0,7.0,7.0,7.0,4.13,24.0,L,0.0,1.0,3.0,0.0,0.0,1.0,0.0,0.0
20200904HTLT2,20200904,LT,HT,2,B,0.0,1.0,166.0,40.0,37.0,10.0,2.0,0.0,1.0,3.0,0.0,0.0,11.0,7.0,7.0,2.63,27.0,W,1.0,0.0,0.0,0.0,1.0,1.0,0.0,0.0
20200904HTLT2,20200904,HT,LT,2,T,0.0,0.0,146.0,38.0,34.0,14.0,0.0,0.0,2.0,2.0,0.0,1.0,4.0,9.0,9.0,1.2,24.0,L,1.0,0.0,0.0,1.0,3.0,0.0,0.0,0.0
20200905HTHH0,20200905,HH,HT,0,B,0.0,0.0,156.0,44.0,36.0,13.0,4.0,0.0,0.0,6.0,0.0,0.0,5.0,5.0,5.0,1.5,27.0,L,0.0,1.0,2.0,0.0,1.0,1.0,0.0,0.0
20200905HTHH0,20200905,HT,HH,0,T,0.0,2.0,141.0,37.0,33.0,8.0,2.0,0.0,1.0,3.0,0.0,0.0,11.0,4.0,4.0,0.38,27.0,W,0.0,0.0,0.0,1.0,1.0,1.0,0.0,0.0
20200905KTWO0,20200905,WO,KT,0,B,0.0,0.0,183.0,44.0,37.0,11.0,1.0,0.0,2.0,5.0,0.0,1.0,8.0,8.0,8.0,2.25,27.0,L,0.0,0.0,1.0,0.0,0.0,1.0,0.0,0.0
20200905KTWO0,20200905,KT,WO,0,T,0.0,0.0,120.0,32.0,32.0,5.0,1.0,0.0,0.0,0.0,0.0,0.0,7.0,1.0,1.0,0.75,27.0,W,0.0,0.0,0.0,0.0,0.0,0.0,0.0,0.0
20200905SKOB0,20200905,OB,SK,0,B,0.0,0.0,117.0,32.0,30.0,5.0,0.0,0.0,1.0,1.0,0.0,1.0,7.0,1.0,1.0,,27.0,W,0.0,0.0,0.0,0.0,1.0,0.0,0.0,0.0
20200905SKOB0,20200905,SK,OB,0,T,0.0,0.0,159.0,38.0,29.0,6.0,1.0,0.0,0.0,9.0,0.0,0.0,5.0,5.0,5.0,3.0,24.0,L,0.0,1.0,0.0,0.0,0.0,0.0,0.0,0.0
20200906HTHH0,20200906,HH,HT,0,B,0.0,0.0,167.0,41.0,35.0,10.0,5.0,0.0,1.0,3.0,0.0,1.0,9.0,8.0,7.0,2.57,27.0,L,0.0,1.0,1.0,1.0,0.0,0.0,0.0,0.0
20200906HTHH0,20200906,HT,HH,0,T,0.0,0.0,148.0,36.0,36.0,10.0,1.0,0.0,2.0,0.0,0.0,0.0,13.0,4.0,4.0,1.0,27.0,W,0.0,0.0,0.0,0.0,0.0,1.0,0.0,0.0
20200906KTWO0,20200906,WO,KT,0,B,0.0,0.0,187.0,45.0,38.0,12.0,2.0,0.0,0.0,4.0,1.0,1.0,6.0,8.0,7.0,3.43,27.0,L,0.0,0.0,1.0,1.0,1.0,0.0,0.0,0.0
20200906KTWO0,20200906,KT,WO,0,T,0.0,2.0,167.0,38.0,34.0,9.0,2.0,0.0,2.0,3.0,0.0,1.0,10.0,7.0,7.0,1.8,27.0,W,0.0,1.0,0.0,0.0,1.0,0.0,0.0,0.0
20200906LGLT0,20200906,LT,LG,0,B,0.0,0.0,163.0,44.0,42.0,14.0,4.0,0.0,2.0,1.0,1.0,0.0,8.0,7.0,5.0,1.29,27.0,L,0.0,0.0,1.0,0.0,0.0,0.0,0.0,1.0
20200906LGLT0,20200906,LG,LT,0,T,0.0,1.0,121.0,33.0,29.0,3.0,1.0,0.0,0.0,4.0,0.0,0.0,4.0,1.0,1.0,3.0,27.0,W,0.0,0.0,0.0,0.0,1.0,0.0,0.0,0.0
20200906NCSS0,20200906,SS,NC,0,B,0.0,0.0,130.0,33.0,31.0,5.0,0.0,0.0,1.0,2.0,0.0,0.0,10.0,3.0,3.0,0.0,27.0,W,0.0,0.0,0.0,0.0,1.0,0.0,0.0,0.0
20200906NCSS0,20200906,NC,SS,0,T,0.0,0.0,147.0,37.0,34.0,10.0,0.0,0.0,3.0,3.0,0.0,0.0,5.0,5.0,5.0,1.0,24.0,L,0.0,0.0,0.0,0.0,0.0,0.0,0.0,0.0
20200906SKOB0,20200906,OB,SK,0,B,0.0,0.0,111.0,33.0,31.0,3.0,0.0,0.0,0.0,2.0,0.0,0.0,7.0,0.0,0.0,1.0,27.0,W,0.0,0.0,0.0,0.0,0.0,0.0,0.0,0.0
20200906SKOB0,20200906,SK,OB,0,T,0.0,0.0,165.0,43.0,38.0,14.0,2.0,0.0,2.0,5.0,0.0,0.0,3.0,10.0,9.0,4.0,24.0,L,0.0,0.0,0.0,0.0,0.0,2.0,0.0,0.0
20200907LGLT0,20200907,LT,LG,0,B,0.0,0.0,181.0,43.0,40.0,16.0,2.0,0.0,1.0,3.0,0.0,0.0,9.0,6.0,5.0,3.0,27.0,W,0.0,0.0,0.0,0.0,2.0,0.0,0.0,0.0
20200907LGLT0,20200907,LG,LT,0,T,0.0,0.0,172.0,45.0,39.0,16.0,6.0,0.0,2.0,5.0,0.0,1.0,4.0,12.0,12.0,4.71,24.0,L,0.0,0.0,0.0,0.0,1.0,0.0,0.0,0.0
20200908HHSS0,20200908,SS,HH,0,B,0.0,0.0,173.0,43.0,36.0,10.0,2.0,0.0,0.0,3.0,0.0,0.0,9.0,4.0,4.0,1.29,30.0,L,0.0,0.0,2.0,2.0,0.0,0.0,0.0,0.0
20200908HHSS0,20200908,HH,SS,0,T,0.0,0.0,173.0,40.0,36.0,7.0,1.0,0.0,0.0,3.0,0.0,0.0,6.0,2.0,2.0,1.0,30.0,W,2.0,0.0,1.0,0.0,0.0,0.0,0.0,0.0
20200908KTOB0,20200908,OB,KT,0,B,0.0,0.0,157.0,38.0,33.0,6.0,1.0,0.0,0.0,5.0,0.0,0.0,7.0,0.0,0.0,1.8,27.0,W,0.0,1.0,0.0,0.0,0.0,1.0,0.0,0.0
20200908KTOB0,20200908,KT,OB,0,T,0.0,0.0,132.0,39.0,36.0,12.0,7.0,0.0,1.0,3.0,0.0,0.0,5.0,8.0,8.0,1.5,24.0,L,0.0,0.0,0.0,0.0,0.0,2.0,0.0,0.0
20200908LGHT0,20200908,HT,LG,0,B,0.0,1.0,160.0,43.0,35.0,11.0,3.0,1.0,0.0,6.0,0.0,2.0,3.0,2.0,2.0,0.9,27.0,W,0.0,0.0,0.0,0.0,2.0,1.0,0.0,0.0
20200908LGHT0,20200908,LG,HT,0,T,0.0,0.0,124.0,34.0,31.0,7.0,4.0,0.0,0.0,3.0,1.0,0.0,5.0,3.0,1.0,1.71,24.0,L,0.0,0.0,0.0,0.0,1.0,0.0,0.0,0.0
20200908LTNC0,20200908,NC,LT,0,B,0.0,0.0,149.0,38.0,33.0,6.0,1.0,0.0,0.0,5.0,0.0,0.0,6.0,2.0,2.0,0.86,27.0,W,1.0,0.0,0.0,0.0,0.0,1.0,0.0,0.0
20200908LTNC0,20200908,LT,NC,0,T,0.0,0.0,168.0,46.0,42.0,17.0,5.0,0.0,0.0,3.0,0.0,1.0,6.0,14.0,10.0,4.5,24.0,L,0.0,0.0,0.0,0.0,0.0,1.0,0.0,1.0
20200908WOSK0,20200908,SK,WO,0,B,0.0,1.0,196.0,49.0,43.0,17.0,4.0,0.0,5.0,6.0,0.0,0.0,7.0,16.0,16.0,4.8,27.0,L,0.0,0.0,0.0,0.0,1.0,1.0,0.0,0.0
20200908WOSK0,20200908,WO,SK,0,T,0.0,1.0,186.0,51.0,45.0,16.0,4.0,0.0,3.0,4.0,0.0,1.0,8.0,15.0,12.0,2.63,27.0,W,0.0,0.0,1.0,0.0,0.0,0.0,0.0,0.0
20200909HHSS1,20200909,SS,HH,1,B,0.0,0.0,137.0,42.0,38.0,10.0,1.0,0.0,2.0,2.0,0.0,1.0,5.0,4.0,4.0,0.67,27.0,D,0.0,0.0,1.0,0.0,1.0,0.0,0.0,0.0
20200909HHSS1,20200909,HH,SS,1,T,0.0,0.0,163.0,36.0,31.0,7.0,0.0,0.0,1.0,3.0,0.0,1.0,11.0,4.0,4.0,1.2,27.0,D,2.0,1.0,1.0,0.0,0.0,0.0,0.0,0.0
20200909HHSS2,20200909,SS,HH,2,B,0.0,0.0,152.0,43.0,37.0,12.0,1.0,0.0,1.0,4.0,0.0,2.0,10.0,7.0,7.0,2.5,27.0,L,0.0,0.0,0.0,0.0,1.0,0.0,0.0,0.0
20200909HHSS2,20200909,HH,SS,2,T,0.0,0.0,127.0,35.0,31.0,3.0,0.0,0.0,0.0,4.0,0.0,0.0,4.0,0.0,0.0,0.0,27.0,W,0.0,0.0,0.0,0.0,0.0,0.0,0.0,0.0
20200909KTOB0,20200909,OB,KT,0,B,0.0,0.0,179.0,43.0,38.0,5.0,0.0,0.0,1.0,4.0,0.0,0.0,13.0,4.0,3.0,0.75,33.0,L,1.0,0.0,1.0,0.0,0.0,1.0,0.0,0.0
20200909KTOB0,20200909,KT,OB,0,T,0.0,0.0,161.0,46.0,41.0,10.0,2.0,0.0,0.0,3.0,0.0,0.0,6.0,2.0,2.0,1.29,33.0,W,1.0,0.0,1.0,1.0,0.0,0.0,0.0,0.0
20200909LTNC0,20200909,NC,LT,0,B,0.0,0.0,184.0,48.0,36.0,8.0,3.0,0.0,0.0,8.0,0.0,2.0,7.0,7.0,7.0,1.39,30.0,L,0.0,0.0,2.0,0.0,0.0,1.0,0.0,0.0
20200909LTNC0,20200909,LT,NC,0,T,0.0,2.0,194.0,47.0,42.0,11.0,4.0,1.0,1.0,5.0,1.0,0.0,9.0,5.0,5.0,0.75,30.0,W,1.0,0.0,0.0,0.0,1.0,1.0,0.0,1.0
20200909WOSK,20200909,SK,WO,0,B,0.0,0.0,238.0,53.0,35.0,11.0,2.0,0.0,1.0,16.0,0.0,0.0,5.0,13.0,11.0,2.31,27.0,L,3.0,0.0,0.0,2.0,3.0,0.0,0.0,0.0
20200909WOSK,20200909,WO,SK,0,T,0.0,1.0,135.0,37.0,35.0,9.0,1.0,0.0,2.0,2.0,0.0,0.0,3.0,4.0,4.0,1.0,27.0,W,0.0,0.0,0.0,0.0,2.0,0.0,0.0,0.0
20200910KTNC0,20200910,NC,KT,0,B,0.0,2.0,126.0,37.0,32.0,8.0,0.0,1.0,4.0,1.0,0.0,3.0,7.0,8.0,8.0,1.0,27.0,W,0.0,0.0,0.0,1.0,1.0,0.0,0.0,0.0
20200910KTNC0,20200910,KT,NC,0,T,0.0,0.0,176.0,46.0,36.0,13.0,3.0,0.0,3.0,8.0,0.0,1.0,4.0,13.0,12.0,4.29,24.0,L,0.0,0.0,0.0,1.0,0.0,2.0,0.0,0.0
20200910OBHT0,20200910,HT,OB,0,B,0.0,0.0,174.0,42.0,36.0,9.0,0.0,0.0,0.0,6.0,0.0,0.0,9.0,5.0,5.0,2.0,27.0,L,2.0,0.0,0.0,0.0,0.0,0.0,0.0,0.0
20200910OBHT0,20200910,OB,HT,0,T,0.0,2.0,162.0,36.0,32.0,7.0,0.0,1.0,1.0,4.0,0.0,0.0,7.0,4.0,4.0,1.2,27.0,W,0.0,2.0,0.0,0.0,0.0,1.0,0.0,0.0
20200910SKHH0,20200910,HH,SK,0,B,0.0,0.0,153.0,41.0,36.0,9.0,1.0,0.0,1.0,4.0,0.0,1.0,5.0,5.0,5.0,1.29,27.0,L,1.0,0.0,0.0,0.0,0.0,0.0,0.0,0.0
20200910SKHH0,20200910,SK,HH,0,T,0.0,0.0,127.0,34.0,30.0,5.0,0.0,0.0,0.0,3.0,0.0,1.0,9.0,1.0,1.0,1.2,27.0,W,0.0,0.0,0.0,0.0,2.0,1.0,0.0,0.0
20200910SSLT0,20200910,LT,SS,0,B,0.0,0.0,147.0,41.0,37.0,10.0,5.0,0.0,0.0,3.0,0.0,0.0,6.0,8.0,8.0,1.15,27.0,W,0.0,0.0,1.0,0.0,0.0,1.0,0.0,1.0
20200910SSLT0,20200910,SS,LT,0,T,0.0,1.0,200.0,50.0,45.0,21.0,3.0,0.0,2.0,5.0,0.0,0.0,6.0,13.0,13.0,2.25,24.0,L,0.0,0.0,0.0,0.0,0.0,0.0,0.0,0.0
20200910WOLG0,20200910,LG,WO,0,B,0.0,1.0,136.0,36.0,32.0,6.0,1.0,0.0,1.0,3.0,0.0,0.0,7.0,1.0,1.0,0.0,27.0,W,0.0,0.0,1.0,0.0,0.0,0.0,0.0,0.0
20200910WOLG0,20200910,WO,LG,0,T,0.0,0.0,149.0,40.0,35.0,10.0,2.0,0.0,1.0,5.0,0.0,0.0,7.0,6.0,4.0,2.14,24.0,L,0.0,0.0,0.0,0.0,0.0,0.0,0.0,0.0
20200911KTNC0,20200911,NC,KT,0,B,0.0,0.0,153.0,38.0,31.0,6.0,0.0,1.0,1.0,5.0,0.0,1.0,10.0,1.0,1.0,0.75,27.0,W,0.0,0.0,1.0,0.0,1.0,0.0,0.0,0.0
20200911KTNC0,20200911,KT,NC,0,T,0.0,0.0,154.0,40.0,37.0,13.0,4.0,0.0,3.0,3.0,0.0,0.0,7.0,9.0,9.0,2.63,24.0,L,2.0,0.0,0.0,0.0,0.0,1.0,0.0,0.0
20200911SKHH0,20200911,HH,SK,0,B,0.0,0.0,139.0,36.0,33.0,8.0,3.0,0.0,0.0,2.0,0.0,0.0,5.0,4.0,3.0,0.5,27.0,L,0.0,1.0,0.0,1.0,0.0,1.0,0.0,0.0
20200911SKHH0,20200911,SK,HH,0,T,0.0,1.0,162.0,38.0,34.0,6.0,1.0,0.0,0.0,4.0,0.0,0.0,12.0,3.0,3.0,1.2,27.0,W,0.0,0.0,0.0,0.0,1.0,0.0,0.0,0.0
20200911SSLT0,20200911,LT,SS,0,B,0.0,0.0,162.0,38.0,36.0,8.0,0.0,0.0,2.0,1.0,0.0,0.0,9.0,4.0,3.0,0.5,27.0,W,0.0,0.0,0.0,1.0,0.0,0.0,0.0,2.0
20200911SSLT0,20200911,SS,LT,0,T,0.0,0.0,182.0,45.0,37.0,14.0,2.0,0.0,1.0,8.0,0.0,0.0,8.0,12.0,12.0,3.3,24.0,L,0.0,0.0,0.0,0.0,1.0,1.0,0.0,2.0
20200911WOLG0,20200911,LG,WO,0,B,0.0,0.0,130.0,41.0,38.0,13.0,3.0,1.0,0.0,0.0,0.0,2.0,4.0,8.0,8.0,1.88,27.0,L,1.0,0.0,1.0,0.0,1.0,0.0,1.0,0.0
20200911WOLG0,20200911,WO,LG,0,T,0.0,0.0,153.0,38.0,33.0,8.0,1.0,0.0,0.0,3.0,0.0,0.0,11.0,2.0,2.0,0.5,27.0,W,1.0,0.0,0.0,2.0,0.0,1.0,0.0,0.0
20200912HHKT0,20200912,KT,HH,0,B,0.0,2.0,126.0,36.0,35.0,7.0,0.0,0.0,0.0,1.0,0.0,0.0,10.0,2.0,2.0,1.0,27.0,W,1.0,0.0,0.0,0.0,0.0,0.0,0.0,0.0
20200912HHKT0,20200912,HH,KT,0,T,0.0,0.0,160.0,38.0,31.0,9.0,1.0,0.0,0.0,5.0,0.0,1.0,3.0,5.0,5.0,1.25,24.0,L,3.0,0.0,0.0,1.0,0.0,1.0,0.0,0.0
20200912HTNC0,20200912,NC,HT,0,B,0.0,0.0,188.0,48.0,40.0,14.0,5.0,0.0,2.0,6.0,0.0,2.0,2.0,11.0,10.0,2.7,27.0,L,0.0,0.0,0.0,0.0,0.0,0.0,0.0,0.0
20200912HTNC0,20200912,HT,NC,0,T,0.0,0.0,155.0,35.0,32.0,6.0,1.0,0.0,1.0,3.0,0.0,0.0,7.0,3.0,3.0,1.8,27.0,W,1.0,0.0,0.0,0.0,0.0,1.0,0.0,0.0
20200912LTSK0,20200912,SK,LT,0,B,0.0,2.0,145.0,36.0,30.0,6.0,0.0,0.0,0.0,5.0,0.0,0.0,6.0,1.0,1.0,0.0,27.0,W,0.0,1.0,0.0,1.0,1.0,0.0,0.0,0.0
20200912LTSK0,20200912,LT,SK,0,T,0.0,0.0,125.0,32.0,29.0,5.0,1.0,0.0,0.0,3.0,0.0,0.0,2.0,2.0,1.0,1.2,24.0,L,0.0,0.0,0.0,0.0,1.0,1.0,0.0,0.0
20200912OBWO0,20200912,WO,OB,0,B,0.0,2.0,123.0,31.0,29.0,4.0,1.0,0.0,0.0,2.0,0.0,0.0,8.0,0.0,0.0,0.0,27.0,W,0.0,0.0,0.0,0.0,2.0,0.0,0.0,0.0
20200912OBWO0,20200912,OB,WO,0,T,0.0,0.0,141.0,36.0,31.0,9.0,2.0,0.0,0.0,3.0,0.0,1.0,6.0,2.0,2.0,2.0,24.0,L,0.0,1.0,1.0,0.0,0.0,0.0,0.0,0.0
20200912SSLG0,20200912,LG,SS,0,B,0.0,0.0,151.0,36.0,32.0,7.0,0.0,1.0,2.0,4.0,0.0,0.0,8.0,5.0,5.0,2.0,27.0,L,1.0,1.0,0.0,0.0,1.0,0.0,0.0,0.0
20200912SSLG0,20200912,SS,LG,0,T,0.0,0.0,122.0,30.0,29.0,2.0,0.0,0.0,1.0,1.0,0.0,0.0,6.0,1.0,1.0,0.0,27.0,W,1.0,0.0,0.0,0.0,0.0,0.0,0.0,0.0
20200913HHKT0,20200913,KT,HH,0,B,0.0,0.0,166.0,39.0,30.0,6.0,1.0,0.0,0.0,5.0,0.0,2.0,6.0,4.0,3.0,1.29,27.0,W,2.0,1.0,1.0,1.0,0.0,0.0,0.0,0.0
20200913HHKT0,20200913,HH,KT,0,T,0.0,4.0,154.0,39.0,33.0,12.0,1.0,0.0,0.0,3.0,0.0,0.0,11.0,5.0,5.0,0.67,26.0,L,0.0,0.0,1.0,2.0,2.0,0.0,0.0,0.0
20200913HTNC0,20200913,NC,HT,0,B,0.0,0.0,150.0,38.0,33.0,10.0,1.0,0.0,0.0,3.0,0.0,0.0,5.0,4.0,4.0,2.4,27.0,L,0.0,2.0,1.0,1.0,1.0,0.0,0.0,0.0
20200913HTNC0,20200913,HT,NC,0,T,0.0,2.0,156.0,41.0,32.0,8.0,0.0,0.0,0.0,4.0,0.0,2.0,6.0,3.0,3.0,0.64,27.0,W,3.0,1.0,2.0,1.0,0.0,1.0,0.0,0.0
20200913LTSK0,20200913,SK,LT,0,B,0.0,2.0,126.0,36.0,29.0,5.0,0.0,0.0,0.0,5.0,0.0,1.0,1.0,1.0,1.0,0.6,27.0,W,0.0,0.0,0.0,1.0,2.0,0.0,0.0,0.0
20200913LTSK0,20200913,LT,SK,0,T,0.0,0.0,96.0,29.0,27.0,4.0,0.0,0.0,2.0,1.0,0.0,1.0,5.0,3.0,3.0,0.0,24.0,L,1.0,0.0,0.0,0.0,1.0,0.0,0.0,0.0
20200913OBWO0,20200913,WO,OB,0,B,0.0,0.0,223.0,56.0,48.0,15.0,2.0,0.0,0.0,7.0,0.0,0.0,7.0,6.0,5.0,1.0,36.0,D,0.0,2.0,0.0,1.0,0.0,0.0,0.0,1.0
20200913OBWO0,20200913,OB,WO,0,T,0.0,2.0,242.0,60.0,49.0,13.0,1.0,0.0,0.0,10.0,1.0,1.0,15.0,6.0,6.0,2.31,36.0,D,2.0,0.0,0.0,0.0,0.0,1.0,0.0,0.0
20200913SSLG0,20200913,LG,SS,0,B,0.0,0.0,191.0,51.0,42.0,18.0,1.0,1.0,1.0,5.0,0.0,0.0,5.0,11.0,9.0,2.25,27.0,L,2.0,0.0,2.0,2.0,0.0,2.0,0.0,0.0
20200913SSLG0,20200913,SS,LG,0,T,1.0,0.0,110.0,32.0,31.0,4.0,1.0,0.0,0.0,1.0,0.0,0.0,10.0,0.0,0.0,0.0,27.0,W,0.0,0.0,0.0,0.0,0.0,0.0,0.0,0.0
20200915LGHH0,20200915,HH,LG,0,B,0.0,0.0,185.0,42.0,39.0,8.0,2.0,0.0,1.0,3.0,0.0,0.0,14.0,5.0,4.0,0.6,30.0,W,3.0,0.0,0.0,0.0,0.0,1.0,0.0,0.0
20200915LGHH0,20200915,LG,HH,0,T,0.0,0.0,161.0,45.0,38.0,11.0,1.0,0.0,0.0,5.0,0.0,2.0,10.0,6.0,6.0,2.4,29.0,L,0.0,0.0,0.0,0.0,2.0,1.0,0.0,0.0
20200915LTWO0,20200915,WO,LT,0,B,0.0,0.0,162.0,39.0,33.0,10.0,3.0,0.0,1.0,5.0,0.0,0.0,3.0,8.0,8.0,1.67,27.0,L,0.0,1.0,0.0,1.0,2.0,0.0,0.0,0.0
20200915LTWO0,20200915,LT,WO,0,T,0.0,1.0,190.0,46.0,38.0,11.0,1.0,0.0,0.0,7.0,0.0,1.0,7.0,5.0,5.0,0.8,27.0,W,0.0,0.0,0.0,0.0,1.0,1.0,0.0,0.0
20200915NCOB0,20200915,OB,NC,0,B,0.0,0.0,150.0,37.0,33.0,6.0,1.0,1.0,0.0,3.0,0.0,1.0,5.0,3.0,3.0,0.75,27.0,W,2.0,1.0,0.0,0.0,0.0,0.0,0.0,0.0
20200915NCOB0,20200915,NC,OB,0,T,0.0,0.0,128.0,35.0,30.0,8.0,3.0,0.0,0.0,2.0,0.0,2.0,3.0,7.0,5.0,1.71,24.0,L,0.0,0.0,1.0,0.0,0.0,0.0,0.0,0.0
20200915SKHT0,20200915,HT,SK,0,B,0.0,0.0,190.0,52.0,40.0,17.0,1.0,0.0,2.0,9.0,0.0,1.0,5.0,16.0,15.0,2.2,27.0,L,3.0,1.0,1.0,1.0,3.0,0.0,0.0,1.0
20200915SKHT0,20200915,SK,HT,0,T,0.0,0.0,138.0,34.0,29.0,5.0,0.0,0.0,0.0,5.0,0.0,0.0,4.0,1.0,1.0,1.2,27.0,W,0.0,0.0,0.0,0.0,3.0,0.0,0.0,0.0
20200915SSKT0,20200915,KT,SS,0,B,0.0,0.0,137.0,42.0,37.0,14.0,1.0,0.0,1.0,4.0,1.0,0.0,1.0,7.0,6.0,2.1,27.0,L,0.0,0.0,1.0,0.0,2.0,1.0,0.0,0.0
20200915SSKT0,20200915,SS,KT,0,T,0.0,0.0,171.0,38.0,36.0,8.0,1.0,0.0,0.0,2.0,0.0,0.0,11.0,0.0,0.0,0.5,27.0,W,0.0,0.0,0.0,0.0,1.0,1.0,0.0,0.0
20200916LGHH0,20200916,HH,LG,0,B,0.0,0.0,162.0,46.0,40.0,15.0,8.0,0.0,0.0,6.0,0.0,0.0,5.0,11.0,10.0,3.75,27.0,L,0.0,0.0,0.0,0.0,2.0,1.0,0.0,0.0
20200916LGHH0,20200916,LG,HH,0,T,0.0,0.0,148.0,39.0,35.0,9.0,0.0,1.0,2.0,3.0,0.0,1.0,11.0,5.0,5.0,1.0,27.0,W,0.0,0.0,0.0,0.0,1.0,0.0,0.0,0.0
20200916LTWO0,20200916,WO,LT,0,B,0.0,0.0,173.0,44.0,39.0,14.0,4.0,0.0,0.0,4.0,0.0,0.0,6.0,8.0,8.0,3.0,27.0,L,0.0,0.0,0.0,1.0,1.0,0.0,0.0,0.0
20200916LTWO0,20200916,LT,WO,0,T,0.0,0.0,160.0,37.0,32.0,4.0,1.0,0.0,0.0,4.0,0.0,1.0,12.0,2.0,1.0,0.5,27.0,W,1.0,0.0,0.0,0.0,0.0,0.0,0.0,1.0
20200916NCOB0,20200916,OB,NC,0,B,0.0,0.0,158.0,39.0,34.0,8.0,1.0,0.0,2.0,4.0,0.0,0.0,10.0,5.0,4.0,1.5,27.0,L,2.0,0.0,1.0,0.0,0.0,0.0,0.0,0.0
20200916NCOB0,20200916,NC,OB,0,T,0.0,3.0,133.0,33.0,32.0,7.0,1.0,0.0,0.0,0.0,0.0,1.0,6.0,3.0,3.0,6.0,27.0,W,0.0,0.0,0.0,0.0,1.0,0.0,0.0,0.0
20200916SKHT0,20200916,HT,SK,0,B,0.0,3.0,193.0,45.0,37.0,11.0,4.0,0.0,0.0,8.0,1.0,0.0,5.0,7.0,5.0,2.73,27.0,L,0.0,1.0,0.0,0.0,1.0,3.0,0.0,0.0
20200916SKHT0,20200916,SK,HT,0,T,0.0,0.0,162.0,41.0,33.0,10.0,1.0,0.0,1.0,4.0,0.0,2.0,6.0,6.0,6.0,1.71,27.0,W,0.0,0.0,1.0,1.0,1.0,1.0,0.0,0.0
20200916SSKT0,20200916,KT,SS,0,B,0.0,0.0,171.0,45.0,39.0,14.0,1.0,0.0,0.0,6.0,0.0,0.0,4.0,6.0,6.0,1.62,27.0,W,0.0,0.0,0.0,0.0,1.0,3.0,0.0,0.0
20200916SSKT0,20200916,SS,KT,0,T,0.0,0.0,190.0,46.0,43.0,19.0,4.0,0.0,1.0,2.0,0.0,1.0,8.0,11.0,11.0,2.18,24.0,L,0.0,0.0,0.0,0.0,0.0,1.0,0.0,0.0
20200917HHWO0,20200917,WO,HH,0,B,0.0,1.0,128.0,32.0,29.0,3.0,0.0,0.0,0.0,1.0,0.0,1.0,13.0,2.0,2.0,2.0,27.0,W,0.0,0.0,0.0,1.0,0.0,0.0,0.0,0.0
20200917HHWO0,20200917,HH,WO,0,T,0.0,0.0,152.0,35.0,26.0,4.0,2.0,0.0,0.0,8.0,0.0,0.0,9.0,5.0,5.0,2.14,24.0,L,0.0,0.0,0.0,1.0,1.0,1.0,0.0,0.0
20200917HTSS0,20200917,SS,HT,0,B,0.0,0.0,167.0,44.0,40.0,16.0,4.0,0.0,3.0,3.0,0.0,0.0,6.0,12.0,12.0,1.5,27.0,L,0.0,0.0,0.0,1.0,1.0,0.0,1.0,1.0
20200917HTSS0,20200917,HT,SS,0,T,0.0,0.0,153.0,37.0,33.0,7.0,0.0,0.0,0.0,3.0,0.0,0.0,11.0,2.0,2.0,0.5,27.0,W,0.0,0.0,0.0,1.0,0.0,0.0,0.0,0.0
20200917LTLG0,20200917,LG,LT,0,B,0.0,0.0,127.0,34.0,34.0,8.0,2.0,0.0,0.0,0.0,0.0,0.0,5.0,1.0,1.0,0.86,27.0,W,0.0,0.0,0.0,0.0,2.0,2.0,0.0,0.0
20200917LTLG0,20200917,LT,LG,0,T,0.0,0.0,158.0,39.0,34.0,8.0,0.0,0.0,2.0,4.0,0.0,0.0,6.0,9.0,9.0,2.5,24.0,L,1.0,0.0,1.0,0.0,0.0,0.0,0.0,0.0
20200917NCSK0,20200917,SK,NC,0,B,0.0,0.0,146.0,38.0,34.0,9.0,1.0,0.0,2.0,3.0,1.0,0.0,6.0,3.0,3.0,1.8,27.0,L,1.0,0.0,1.0,0.0,1.0,0.0,0.0,0.0
20200917NCSK0,20200917,NC,SK,0,T,0.0,1.0,124.0,33.0,30.0,4.0,0.0,0.0,0.0,1.0,0.0,1.0,11.0,0.0,0.0,0.6,27.0,W,1.0,0.0,1.0,0.0,0.0,0.0,0.0,0.0
20200917OBKT0,20200917,KT,OB,0,B,0.0,0.0,105.0,33.0,33.0,6.0,0.0,0.0,0.0,0.0,0.0,0.0,5.0,0.0,0.0,0.0,27.0,W,0.0,0.0,0.0,0.0,2.0,1.0,0.0,0.0
20200917OBKT0,20200917,OB,KT,0,T,0.0,0.0,157.0,35.0,31.0,9.0,1.0,1.0,0.0,3.0,1.0,0.0,8.0,3.0,3.0,1.0,24.0,L,3.0,0.0,1.0,0.0,0.0,0.0,0.0,0.0
20200918HHWO0,20200918,WO,HH,0,B,0.0,0.0,149.0,37.0,36.0,8.0,1.0,0.0,0.0,0.0,0.0,1.0,10.0,2.0,1.0,1.0,27.0,L,0.0,0.0,0.0,0.0,0.0,0.0,0.0,0.0
20200918HHWO0,20200918,HH,WO,0,T,0.0,2.0,135.0,34.0,31.0,4.0,2.0,0.0,0.0,3.0,0.0,0.0,9.0,0.0,0.0,0.5,27.0,W,1.0,0.0,0.0,0.0,0.0,1.0,0.0,0.0
20200918HTSS0,20200918,SS,HT,0,B,0.0,0.0,207.0,49.0,39.0,15.0,2.0,0.0,2.0,5.0,0.0,3.0,4.0,13.0,13.0,2.33,27.0,L,0.0,0.0,1.0,1.0,1.0,0.0,0.0,0.0
20200918HTSS0,20200918,HT,SS,0,T,0.0,0.0,155.0,40.0,35.0,9.0,2.0,0.0,0.0,4.0,0.0,0.0,9.0,5.0,3.0,0.75,27.0,W,0.0,1.0,0.0,1.0,1.0,1.0,0.0,0.0
20200918LTLG0,20200918,LG,LT,0,B,0.0,0.0,149.0,40.0,36.0,8.0,1.0,0.0,0.0,4.0,0.0,0.0,8.0,5.0,3.0,1.5,27.0,L,3.0,0.0,0.0,0.0,1.0,1.0,0.0,0.0
20200918LTLG0,20200918,LT,LG,0,T,0.0,1.0,146.0,38.0,34.0,7.0,1.0,0.0,1.0,4.0,0.0,0.0,6.0,3.0,3.0,3.0,27.0,W,1.0,0.0,0.0,0.0,0.0,0.0,1.0,0.0
20200918NCSK0,20200918,SK,NC,0,B,0.0,0.0,157.0,40.0,31.0,8.0,0.0,1.0,1.0,5.0,0.0,2.0,6.0,9.0,9.0,1.8,27.0,L,1.0,1.0,2.0,0.0,0.0,0.0,0.0,0.0
20200918NCSK0,20200918,NC,SK,0,T,0.0,4.0,145.0,37.0,31.0,8.0,2.0,0.0,3.0,6.0,0.0,0.0,4.0,5.0,5.0,3.0,27.0,W,0.0,2.0,0.0,0.0,1.0,0.0,0.0,0.0
20200918OBKT0,20200918,KT,OB,0,B,0.0,3.0,159.0,45.0,41.0,11.0,1.0,0.0,1.0,2.0,0.0,0.0,4.0,4.0,3.0,1.29,33.0,W,0.0,1.0,1.0,1.0,1.0,0.0,0.0,0.0
20200918OBKT0,20200918,OB,KT,0,T,0.0,0.0,183.0,46.0,40.0,11.0,1.0,0.0,2.0,4.0,1.0,1.0,11.0,5.0,5.0,1.0,31.0,L,0.0,0.0,1.0,0.0,1.0,0.0,0.0,0.0
20200919HHHT0,20200919,HT,HH,0,B,0.0,0.0,108.0,31.0,31.0,5.0,0.0,0.0,0.0,0.0,0.0,0.0,11.0,0.0,0.0,0.0,27.0,W,0.0,1.0,0.0,0.0,0.0,0.0,0.0,0.0
20200919HHHT0,20200919,HH,HT,0,T,0.0,0.0,151.0,35.0,29.0,10.0,2.0,0.0,0.0,3.0,0.0,1.0,4.0,8.0,6.0,1.67,24.0,L,1.0,0.0,0.0,2.0,0.0,0.0,0.0,1.0
20200919KTSK0,20200919,SK,KT,0,B,0.0,0.0,157.0,41.0,34.0,8.0,0.0,0.0,0.0,6.0,0.0,0.0,11.0,5.0,2.0,1.88,27.0,L,1.0,0.0,0.0,1.0,1.0,0.0,0.0,0.0
20200919KTSK0,20200919,KT,SK,0,T,0.0,4.0,138.0,34.0,30.0,3.0,0.0,0.0,0.0,4.0,0.0,0.0,6.0,0.0,0.0,0.0,27.0,W,0.0,0.0,0.0,0.0,1.0,1.0,0.0,0.0
20200919LGOB0,20200919,OB,LG,0,B,0.0,0.0,178.0,47.0,40.0,18.0,1.0,0.0,2.0,3.0,0.0,1.0,6.0,9.0,9.0,1.36,27.0,L,2.0,0.0,1.0,2.0,2.0,0.0,0.0,0.0
20200919LGOB0,20200919,LG,OB,0,T,0.0,0.0,164.0,39.0,36.0,10.0,2.0,0.0,2.0,3.0,0.0,0.0,8.0,6.0,6.0,1.5,27.0,W,0.0,0.0,0.0,0.0,1.0,0.0,0.0,0.0
20200919NCLT0,20200919,LT,NC,0,B,0.0,0.0,127.0,36.0,34.0,10.0,0.0,0.0,1.0,1.0,0.0,1.0,7.0,1.0,1.0,0.0,27.0,W,1.0,1.0,0.0,0.0,2.0,0.0,0.0,0.0
20200919NCLT0,20200919,NC,LT,0,T,0.0,0.0,167.0,38.0,30.0,7.0,1.0,0.0,2.0,7.0,0.0,1.0,8.0,5.0,5.0,6.0,24.0,L,0.0,0.0,0.0,0.0,1.0,0.0,0.0,0.0
20200919WOSS0,20200919,SS,WO,0,B,0.0,0.0,180.0,43.0,39.0,15.0,3.0,0.0,0.0,3.0,0.0,0.0,12.0,8.0,8.0,1.39,27.0,L,2.0,1.0,0.0,1.0,0.0,0.0,0.0,0.0
20200919WOSS0,20200919,WO,SS,0,T,0.0,1.0,153.0,40.0,37.0,11.0,3.0,0.0,2.0,2.0,0.0,1.0,6.0,7.0,6.0,2.4,27.0,W,2.0,0.0,0.0,0.0,2.0,1.0,0.0,0.0
20200920HHHT0,20200920,HT,HH,0,B,0.0,0.0,217.0,50.0,40.0,16.0,4.0,0.0,1.0,6.0,0.0,2.0,10.0,11.0,11.0,3.0,27.0,L,0.0,1.0,1.0,1.0,0.0,2.0,0.0,0.0
20200920HHHT0,20200920,HH,HT,0,T,0.0,0.0,157.0,38.0,33.0,9.0,1.0,0.0,1.0,4.0,0.0,0.0,7.0,3.0,3.0,1.29,27.0,W,0.0,0.0,0.0,1.0,1.0,0.0,0.0,0.0
20200920KTSK0,20200920,SK,KT,0,B,0.0,0.0,171.0,43.0,37.0,11.0,2.0,0.0,1.0,4.0,0.0,1.0,10.0,10.0,6.0,1.8,27.0,L,2.0,1.0,0.0,1.0,0.0,1.0,0.0,0.0
20200920KTSK0,20200920,KT,SK,0,T,0.0,1.0,141.0,31.0,28.0,3.0,1.0,0.0,0.0,3.0,0.0,0.0,4.0,2.0,1.0,0.75,27.0,W,0.0,0.0,0.0,0.0,3.0,0.0,0.0,0.0
20200920LGOB0,20200920,OB,LG,0,B,0.0,0.0,158.0,38.0,37.0,10.0,3.0,1.0,2.0,1.0,0.0,0.0,11.0,5.0,5.0,2.25,27.0,W,0.0,0.0,0.0,0.0,0.0,0.0,0.0,0.0
20200920LGOB0,20200920,LG,OB,0,T,0.0,1.0,191.0,45.0,31.0,9.0,1.0,0.0,1.0,12.0,0.0,2.0,6.0,6.0,6.0,1.24,26.0,L,1.0,0.0,0.0,0.0,3.0,3.0,0.0,1.0
20200920NCLT1,20200920,LT,NC,1,B,0.0,0.0,146.0,39.0,35.0,10.0,1.0,1.0,0.0,2.0,1.0,0.0,6.0,7.0,7.0,2.14,27.0,L,3.0,1.0,3.0,1.0,1.0,1.0,0.0,0.0
20200920NCLT1,20200920,NC,LT,2,T,0.0,1.0,182.0,41.0,36.0,11.0,0.0,0.0,0.0,5.0,0.0,0.0,8.0,2.0,2.0,1.09,27.0,W,0.0,0.0,0.0,0.0,2.0,0.0,0.0,0.0
20200920WOSS0,20200920,SS,WO,0,B,0.0,0.0,161.0,41.0,37.0,13.0,2.0,0.0,1.0,4.0,0.0,0.0,7.0,6.0,6.0,1.5,27.0,W,0.0,0.0,0.0,0.0,3.0,0.0,0.0,0.0
20200920WOSS0,20200920,WO,SS,0,T,0.0,0.0,192.0,48.0,42.0,18.0,0.0,0.0,3.0,5.0,0.0,0.0,6.0,14.0,9.0,1.6,24.0,L,1.0,0.0,1.0,0.0,1.0,1.0,0.0,0.0
20200920NCLT2,20200920,LT,NC,2,B,0.0,0.0,154.0,43.0,37.0,13.0,0.0,0.0,2.0,4.0,2.0,0.0,8.0,6.0,6.0,2.5,27.0,L,3.0,1.0,3.0,1.0,1.0,0.0,0.0,0.0
20200920NCLT2,20200920,NC,LT,2,T,0.0,1.0,182.0,41.0,36.0,11.0,0.0,0.0,0.0,5.0,0.0,0.0,8.0,2.0,2.0,1.09,27.0,W,0.0,0.0,0.0,0.0,3.0,0.0,0.0,0.0
20200922KTLT0,20200922,LT,KT,0,B,0,0,122,30,28,2,0,0,0,2,0,0,10,0,0,0.0,27.0,W,0,1,0,0,0,0,0,0
20200922KTLT0,20200922,KT,LT,0,T,0,0,130,36,31,10,0,0,2,5,2,0,5,8,8,7.0,24.0,L,1,0,0,0,2,0,0,0
20200922OBHH0,20200922,HH,OB,0,B,0,2,125,33,29,6,0,0,1,3,0,1,5,1,1,0.0,27.0,W,0,0,0,0,3,0,0,0
20200922OBHH0,20200922,OB,HH,0,T,0,0,145,35,29,6,0,0,1,4,0,1,16,5,5,3.0,24.0,L,0,0,1,0,0,1,0,0
20200922SKLG0,20200922,LG,SK,0,B,0,1,141,32,31,3,0,0,1,1,0,0,9,2,2,1.5,27.0,W,1,0,0,0,0,0,0,0
20200922SKLG0,20200922,SK,LG,0,T,0,0,149,35,30,7,1,0,0,5,0,0,5,7,7,1.67,24.0,L,2,0,0,0,2,1,0,0
20200922SSNC0,20200922,NC,SS,0,B,0,0,146,34,33,6,0,0,0,1,0,0,11,2,2,1.5,27.0,W,0,0,0,0,0,1,0,0
20200922SSNC0,20200922,SS,NC,0,T,0,3,155,36,30,6,1,0,0,4,0,2,4,3,0,0.6,24.0,L,1,0,0,0,1,1,0,0
20200922WOHT0,20200922,HT,WO,0,B,0,0,131,35,32,5,1,0,0,3,0,0,3,2,1,1.0,27.0,L,0,0,0,0,0,0,0,0
20200922WOHT0,20200922,WO,HT,0,T,0,1,131,33,30,4,0,0,0,3,0,0,8,0,0,0.0,27.0,W,0,0,0,0,1,0,0,1
20200923KTLT0,20200923,LT,KT,0,B,0,0,167,46,42,16,3,0,1,3,0,1,5,10,9,2.46,27.0,L,1,1,0,0,0,1,0,0
20200923KTLT0,20200923,KT,LT,0,T,0,2,170,41,33,9,1,0,1,8,0,0,7,5,5,2.0,27.0,W,0,0,0,0,3,0,0,0
20200923OBHH0,20200923,HH,OB,0,B,0,3,165,43,37,11,5,0,0,5,0,0,6,5,5,1.2,27.0,W,0,0,0,1,0,0,0,0
20200923OBHH0,20200923,OB,HH,0,T,0,0,159,38,34,12,3,0,1,2,0,1,13,6,6,0.82,24.0,L,1,0,1,0,1,0,0,0
20200923SKLG0,20200923,LG,SK,0,B,0,1,138,36,33,8,3,0,0,1,0,0,10,2,1,0.43,27.0,W,0,0,0,2,0,0,0,0
20200923SKLG0,20200923,SK,LG,0,T,0,0,145,33,31,10,2,0,1,1,0,0,6,6,6,3.0,24.0,L,0,1,0,1,0,0,0,0
20200923SSNC0,20200923,NC,SS,0,B,0,0,143,39,36,10,2,1,1,2,0,0,11,7,7,2.0,27.0,W,2,0,0,1,0,2,0,0
20200923SSNC0,20200923,SS,NC,0,T,0,0,143,36,30,10,1,0,1,5,0,0,7,8,8,3.75,24.0,L,0,1,0,1,2,0,0,0
20200923WOHT0,20200923,HT,WO,0,B,0,0,159,48,42,17,3,2,2,4,0,1,6,13,13,2.75,27.0,L,0,0,0,1,1,1,0,1
20200923WOHT0,20200923,WO,HT,0,T,0,0,133,34,32,5,0,0,1,1,0,1,7,1,1,0.0,27.0,W,0,0,0,0,0,1,0,1
20200924HTKT0,20200924,KT,HT,0,B,0,0,187,46,40,16,4,1,0,5,0,0,3,5,5,1.64,27.0,L,0,0,1,0,1,0,0,0
20200924HTKT0,20200924,HT,KT,0,T,0,1,154,37,34,8,2,0,0,3,0,0,11,3,2,1.13,27.0,W,0,0,0,0,0,0,0,0
20200924LGNC0,20200924,NC,LG,0,B,0,0,169,42,35,9,1,0,4,7,0,0,11,8,8,3.0,27.0,W,1,0,0,0,1,1,0,0
20200924LGNC0,20200924,LG,NC,0,T,0,1,193,45,39,17,4,0,2,3,0,2,4,12,12,2.25,24.0,L,0,0,0,1,1,0,0,0
20200924LTHH0,20200924,HH,LT,0,B,0,0,156,38,32,6,0,0,0,5,0,0,5,4,2,1.67,27.0,W,3,0,0,1,1,0,0,0
20200924LTHH0,20200924,LT,HH,0,T,0,0,144,41,36,15,4,0,1,3,1,1,8,7,7,1.8,24.0,L,2,1,1,0,2,1,0,0
20200924SKWO0,20200924,WO,SK,0,B,0,0,125,33,29,6,1,0,0,4,0,0,8,1,1,1.5,27.0,W,1,1,0,0,3,0,0,0
20200924SKWO0,20200924,SK,WO,0,T,0,0,122,36,32,9,1,0,0,2,0,1,7,6,6,1.2,24.0,L,2,0,0,1,0,0,0,0
20200924SSOB0,20200924,SS,OB,0,B,0,0,130,33,26,1,0,0,0,5,1,1,5,1,1,1.0,24.0,L,0,0,1,0,0,0,0,1
20200924SSOB0,20200924,OB,SS,0,T,0,0,132,34,32,7,1,0,0,2,0,0,8,0,0,1.0,27.0,W,1,0,0,0,2,0,0,0
20200925HTKT0,20200925,KT,HT,0,B,0,1,159,40,37,12,2,0,0,3,0,0,4,3,3,1.0,27.0,W,0,0,0,0,1,0,0,0
20200925HTKT0,20200925,HT,KT,0,T,0,0,150,40,31,12,1,0,2,7,0,0,1,7,7,1.88,24.0,L,1,1,1,1,2,0,0,0
20200925LGNC0,20200925,NC,LG,0,B,0,0,132,36,33,7,0,0,1,3,0,0,7,1,1,0.43,27.0,W,0,0,0,0,1,1,0,0
20200925LGNC0,20200925,LG,NC,0,T,0,0,172,42,30,9,2,1,1,6,0,3,10,7,5,1.09,24.0,L,2,0,1,2,1,0,0,0
20200925LTHH0,20200925,HH,LT,0,B,0,0,177,42,37,13,0,0,2,3,0,1,6,5,5,0.86,30.0,W,0,0,0,1,3,0,0,0
20200925LTHH0,20200925,LT,HH,0,T,0,2,158,48,40,13,2,0,3,6,1,1,7,6,6,1.67,29.0,L,0,0,1,0,1,0,0,0
20200925SKWO0,20200925,WO,SK,0,B,0,0,173,48,40,10,3,0,1,7,2,0,6,8,8,1.6,33.0,L,7,0,1,0,1,2,0,0
20200925SKWO0,20200925,SK,WO,0,T,0,0,195,50,45,17,4,0,0,4,0,0,11,6,5,1.6,33.0,W,2,1,1,0,1,0,0,0
20200925SSOB0,20200925,OB,SS,0,B,0,0,131,34,31,7,0,0,1,2,0,0,7,4,3,2.0,27.0,L,2,0,1,0,1,0,0,0
20200925SSOB0,20200925,SS,OB,0,T,0,2,133,36,32,7,1,1,0,2,0,0,6,3,3,1.0,27.0,W,0,0,1,1,0,0,0,0
20200926LGKT0,20200926,KT,LG,0,B,0,0,142,39,31,7,1,1,0,6,0,0,3,3,3,2.0,27.0,L,1,0,2,0,1,1,0,0
20200926LGKT0,20200926,LG,KT,0,T,0,0,157,36,31,7,2,0,0,4,0,0,5,1,1,1.8,27.0,W,2,1,0,1,0,0,1,0
20200926LTHT0,20200926,HT,LT,0,B,0,0,174,50,44,18,7,0,1,4,0,1,5,16,16,4.33,27.0,L,0,0,0,1,0,1,0,0
20200926LTHT0,20200926,LT,HT,0,T,0,0,163,40,34,8,1,0,0,5,0,1,7,3,3,0.55,27.0,W,0,0,0,0,2,1,0,0
20200926NCHH0,20200926,HH,NC,0,B,0,0,223,51,42,16,1,1,2,9,0,0,7,13,12,4.71,27.0,L,0,1,0,0,0,1,0,0
20200926NCHH0,20200926,NC,HH,0,T,0,0,130,37,36,9,2,0,1,1,0,0,7,1,1,0.0,27.0,W,0,0,0,0,0,0,0,0
20200926SKSS0,20200926,SS,SK,0,B,0,0,145,36,32,8,0,0,1,2,0,0,10,2,2,2.4,27.0,W,0,1,2,0,0,0,0,0
20200926SKSS0,20200926,SK,SS,0,T,0,0,148,38,33,12,1,0,3,4,0,0,3,8,8,1.88,24.0,L,0,0,1,0,2,0,0,0
20200926WOOB0,20200926,OB,WO,0,B,0,0,127,32,30,3,1,0,0,2,0,0,9,0,0,1.0,27.0,W,1,0,0,0,0,0,0,0
20200926WOOB0,20200926,WO,OB,0,T,0,0,113,35,31,9,2,1,0,2,0,0,3,4,4,2.0,24.0,L,0,0,2,0,0,0,0,0